ce,ganguli,subparva,similarity,note,first_words_ganguli
1.1,1.1,,0.50,,"Om! Having bowed down to Narayana and Nara, the most exalted male bein"
1.2,1.2,,0.51,,"""The Rishis said, 'O son of Suta, we wish to hear a full and circumsta"
1.3,1.3,Paushya Parva,0.31,,"Sauti said, ""Janamejaya, the son of Parikshit, was, with his brothers,"
1.4,1.4,Pauloma Parva,0.45,,"'UGRASRAVA SAUTI, the son of Lomaharshana, versed in the Puranas, whil"
1.5,1.5,Pauloma Parva,0.47,,"""Saunaka said, 'Child, thy father formerly read the whole of the Puran"
1.6,1.6,Pauloma Parva,0.35,,"""Sauti said, 'O Brahmana, having heard these words from the god of fir"
1.7,1.7,Pauloma Parva,0.34,,"""Sauti said, 'the god of fire enraged at the curse of Bhrigu, thus add"
1.8,1.8,Pauloma Parva,0.69,,"""Sauti said, 'O Brahmana, Chyavana, the son of Bhrigu, begot a son in "
1.9,1.9,Pauloma Parva,0.63,,"""Sauti said, 'While those illustrious Brahmanas were sitting around th"
1.10,1.10,Pauloma Parva,0.66,,"Sauti said, 'And Ruru, on hearing those words, replied, 'My wife, dear"
1.11,1.11,Pauloma Parva,0.32,,"""Sauti continued 'The Dundubha then said, 'In former times, I had a fr"
1.12,1.12,Pauloma Parva,0.26,,"""Sauti continued, 'Ruru then asked, 'O best of Dwijas, why was king Ja"
1.13,1.13;1.14;1.15,Astika Parva,0.48,,"""Saunaka said, 'For what reason did that tiger among kings, the royal "
1.14,1.16,Astika Parva,0.57,,"""Saunaka said, 'O Sauti, relate once more in detail this history of th"
1.15,1.17,Astika Parva,0.17,,"""Sauti said, 'O ascetic, about this time the two sisters saw approachi"
1.16,1.18,Astika Parva,0.40,,"""Sauti said, 'There is a mountain called Mandara adorned with cloud-li"
1.17,1.19,Astika Parva,0.43,,"""Sauti said, 'Then the Daityas and the Danauas equipped with first-cla"
1.18,1.20,Astika Parva,0.42,,"""Sauti said, 'Thus have I recited to you the whole story of how Amrita"
1.19,1.21,Astika Parva,0.21,,"""Sauti said. 'Then when the night had passed away and the sun had rise"
1.20,1.22;1.23,Astika Parva,0.31,,"""Sauti said, 'The Nagas after consultation arrived at the conclusion t"
1.21,1.24;1.25,Astika Parva,0.41,,"""Sauti said, 'Then hearing of and beholding his own body, that bird of"
1.22,1.26,Astika Parva,0.02,,"""Sauti said, 'And then Indra, the king of gods, having the best of hor"
1.23,1.27,Astika Parva,0.31,,"""Sauti said, 'And then the Nagas drenched by that shower, became excee"
1.24,1.28,Astika Parva,0.49,,"""Sauti said, 'Garuda, thus addressed by the snakes, then said unto his"
1.25,1.29,Astika Parva,0.26,,"""Sauti continued, 'A certain Brahmana with his wife had entered the th"
1.26,1.30,Astika Parva,0.41,,"""Sauti said, 'At the very touch by Garuda of great might with his feet"
1.27,1.31,Astika Parva,0.60,,"""Saunaka said, 'O son of Suta, what was Indra's fault, what his act of"
1.28,1.32,Astika Parva,0.31,,"""Sauti said, 'O foremost of Brahmanas, the gods having prepared for ba"
1.29,1.33,Astika Parva,0.52,,"""Santi said, 'And that bird, assuming a golden body bright as the rays"
1.30,1.34,Astika Parva,0.45,,"'Sauti continued, 'Garuda then said, 'O Purandara, let there be friend"
1.31,1.35,Astika Parva,0.49,,"""Saunaka said, 'O son of Suta, thou hast told us the reason why the sn"
1.32,1.36,Astika Parva,0.40,,"""Saunaka said, 'O child, thou hast named many of the serpents gifted w"
1.33,1.37,Astika Parva,0.17,,"""Sauti said, 'That best of snakes, viz., Vasuki, hearing the curse of "
1.34,1.38,Astika Parva,0.45,,"""Sauti said, 'Hearing the respective speeches of all the snakes, and h"
1.35,1.39,Astika Parva,0.53,,"""Sauti said, 'O best of regenerate ones, hearing these words of Elapat"
1.36,1.40,Astika Parva,0.37,,"""Saunaka said, 'O son of Suta, I desire to know the reason why the ill"
1.37,1.41,Astika Parva,0.54,,"""Sauti said, 'Being thus addressed, and hearing that his sire was bear"
1.38,1.42,Astika Parva,0.40,,"""Sauti said, 'And Sringin then replied to his father, saying, 'Whether"
1.39,1.43,Astika Parva,0.40,,"""Sauti said, 'And Takshaka, after this, answered, 'If, indeed, thou ar"
1.40,1.44,Astika Parva,0.65,,"""Sauti said, 'Then the councillors beholding the king in the coils of "
1.41,1.45,Astika Parva,0.26,,"""Meanwhile the great ascetic Jaratkaru wandered over the whole earth m"
1.42,1.46,Astika Parva,0.44,,"""Sauti said. 'Jaratkaru, hearing all this, became excessively dejected"
1.43,1.47,Astika Parva,0.39,,"""Sauti said, 'Then Vasuki spake unto the Rishi Jaratkaru these words, "
1.44,1.48,Astika Parva,0.32,,"""Sauti said, 'O thou of ascetic wealth, soon after her lord had left h"
1.45,1.49,Astika Parva,0.37,,"""Saunaka said, 'Tell me again, in detail,--all that king Janamejaya ha"
1.46,1.50;1.51,Astika Parva,0.36,,"'Sauti continued, 'The ministers said, 'That king of kings then, spent"
1.47,1.52,Astika Parva,0.06,,"""Sauti said, 'The snake-sacrifice then commenced according to due form"
1.48,1.53,Astika Parva,0.52,,"""Saunaka asked, 'What great Rishis became the Ritwiks at the snake-sac"
1.49,1.54,Astika Parva,0.48,,"""Sauti said, 'Then the snake-dame Jaratkaru, calling her own son, told"
1.50,1.55,Astika Parva,0.52,,"""Astika said, 'Soma and Varuna and Prajapati performed sacrifices of o"
1.51,1.56,Astika Parva,0.32,,"Janamejaya said, 'Though this one is but a boy, he speaks yet like a w"
1.52,1.57,Astika Parva,0.27,,"""Saunaka said, 'O son of a Suta, I desire to hear the names of all tho"
1.53,1.58;1.59,"Astika Parva,",0.44,,"""Sauti said, 'Listen now to another very wonderful incident in connect"
1.54,1.60,Adivansavatarana Parva,0.52,,"'Sauti said, 'Hearing that Janamejaya was installed in the snake-sacri"
1.55,1.61,Adivansavatarana Parva,0.37,,"""Vaisampayana said, 'Bowing down in the first place to my preceptor wi"
1.56,1.62,Adivansavatarana Parva,0.32,,"""Janamejaya said, 'O excellent Brahmana, thou hast, indeed, told me, i"
1.57,1.63,Adivansavatarana Parva,0.47,,"""Vaisampayana said, 'There was a king of the name of Uparichara. That "
1.58,1.64,Adivansavatarana Parva,0.19,,"""Janamejaya said, 'O Brahmana, those thou hast named and those thou ha"
1.59,1.65,Sambhava Parva,0.54,,"""Vaisampayana said, 'Then Indra had a consultation with Narayana about"
1.60,1.66,Sambhava Parva,0.68,,"""Vaisampayana said, 'It is known that the spiritual sons of Brahman we"
1.61,1.67,Sambhava Parva,0.42,,"""Janamejaya said, 'O worshipful one, I wish to hear from thee in detai"
1.62,1.68,Sambhava Parva,0.36,,"""Janamejaya said, 'O Brahmana, I have, indeed, heard from thee this ac"
1.63,1.69,Sambhava Parva,0.06,,"""Janamejaya said, 'I desire to hear from thee about the birth and life"
1.64,1.70,Sambhava Parva,0.29,,"""Vaisampayana said, 'Then the king with his followers, having killed t"
1.65,1.71,Sambhava Parva,0.48,,"""Vaisampayana said, 'The monarch then, as he proceeded, left even his "
1.66,1.72,Sambhava Parva,0.74,,"Kanwa continued, 'And Sakra, thus addressed by her, then commanded him"
1.67,1.73,Sambhava Parva,0.39,,"""Vaisampayana continued, 'King Dushmanta, hearing all this, said, 'Wel"
1.68,1.74,Sambhava Parva,0.36,,"""Vaisampayana said, 'After Dushmanta had left the asylum having made t"
1.69,1.74,Sambhava Parva,0.24,merged,"""Vaisampayana said, 'After Dushmanta had left the asylum having made t"
1.70,1.75,Sambhava Parva,0.58,,"""Vaisampayana said, 'Hear now, as I recite the recorded genealogy, tha"
1.71,1.76,Sambhava Parva,0.51,,"""Janamejaya said, 'O thou of the wealth of asceticism, tell me how our"
1.72,1.77,Sambhava Parva,0.62,,"""Vaisampayana said, 'After the expiry of the period of his vow, Kacha,"
1.73,1.78,Sambhava Parva,0.51,,"""Vaisampayana said, 'The dwellers in heaven became exceedingly glad in"
1.74,1.79,Sambhava Parva,0.25,,"""Sukra continued, 'Know, then, O Devayani, that he that mindeth not th"
1.75,1.80,Sambhava Parva,0.44,,"""Vaisampayana said, 'Then Kavya, the foremost of Bhrigu's line, became"
1.76,1.81,Sambhava Parva,0.60,,"Vaisampayana said, 'After some length of time, O best of monarchs, Dev"
1.77,1.82,Sambhava Parva,0.59,,"""Vaisampayana said, 'Yayati then, on returning to his capital which wa"
1.78,1.83,Sambhava Parva,0.43,,"""Vaisampayana said, 'When Devayani of sweet smiles heard of the birth "
1.79,1.84,Sambhava Parva,0.29,,"""Vaisampayana said, 'Yayati, then, overcome with decrepitude, returned"
1.80,1.85,Sambhava Parva,0.56,,"""Vaisampayana said, 'The excellent monarch Yayati, the son of Nahusha,"
1.81,1.86,Sambhava Parva,0.21,,"""Vaisampayana said, 'King Yayati, the son of Nahusha, having thus inst"
1.82,1.87,Sambhava Parva,0.20,,"""Vaisampayana said, 'While that king of kings dwelt in heaven--the hom"
1.83,1.88,Sambhava Parva,0.40,,"""Vaisampayana said, 'Alter this Indra again asked Yayati, 'Thou didst "
1.84,1.89,Sambhava Parva,0.24,,"""Yayati said, 'I am Yayati, the son of Nahusha and the father of Puru."
1.85,1.90,Sambhava Parva,0.23,,"""Ashtaka said, 'Capable of assuming any form at will, thou hast lived "
1.86,1.91,Sambhava Parva,0.32,,"""Ashtaka said, 'Those cognisant of the Vedas differ in opinion as to h"
1.87,1.92,Sambhava Parva,0.20,,"""Ashtaka asked, 'Who amongst these, O king, both exerting constantly l"
1.88,1.93,Sambhava Parva,0.21,,"""Vasumat said, 'I am Vasumat, the son of Oshadaswa. I would ask thee, "
1.89,1.94,Sambhava Parva,0.53,,"""Janamejaya said, 'O adorable one, I desire to hear the histories of t"
1.90,1.95,Sambhava Parva,0.65,,"""Janamejaya said, 'O Brahmana, I have now heard from thee this great h"
1.91,1.96,Sambhava Parva,0.58,,"""Vaisampayana said, 'There was a king known by the name of Mahabhisha "
1.92,1.97;1.98,Sambhava Parva,0.38,,"""Vaisampayana said. 'There was a king of the name of Pratipa, who was "
1.93,1.99,Sambhava Parva,0.31,,"""Santanu asked, 'What was the fault of the Vasus and who was Apava, th"
1.94,1.100,Sambhava Parva,0.39,,"""Vaisampayana said, 'The monarch Santanu, the most adored of the gods "
1.95,1.101,Sambhava Parva,0.49,,"""Vaisampayana said, 'O monarch, after the nuptials were over, king San"
1.96,1.102,Sambhava Parva,0.31,,"""Vaisampayana said, 'O thou of Kuru's race, after Chitrangada was slai"
1.97,1.103,Sambhava Parva,0.34,,"""Vaisampayana said, 'The unfortunate Satyavati then became plunged in "
1.98,1.104,Sambhava Parva,0.48,,"""Bhishma continued, 'In olden days, Rama, the son of Jamadagni, in ang"
1.99,1.105,Sambhava Parva,0.37,,"""Bhishma, continued, 'Listen, O mother, to me as I indicate the means "
1.100,1.106,Sambhava Parva,0.41,,"""Vaisampayana said, 'Soon after the monthly season of the princess of "
1.101,1.107;1.108,Sambhava Parva,0.33,,"""Janamejaya said, 'What did the god of justice do for which he was cur"
1.102,1.109,Sambhava Parva,0.44,,"""Vaisampayana said, 'Upon the birth of those three children, Kurujanga"
1.103,1.110,Sambhava Parva,0.43,,"""Bhishma said, 'This our celebrated race, resplendent with every virtu"
1.104,1.111,Sambhava Parva,0.45,,"""Vaisampayana continued, 'There was amongst the Yadavas a chief named "
1.105,1.112;1.113,Sambhava Parva,0.35,,"""Vaisampayana said. 'The large-eyed daughter of Kuntibhoja, Pritha by "
1.106,1.114,Sambhava Parva,0.43,,"""Vaisampayana said, 'Pandu, then, at the command of Dhritarashtra, off"
1.107,1.115;1.116,Sambhava Parva,0.36,,"""Vaisampayana said, 'Meanwhile, O Janamejaya, Dhritarashtra begat upon"
1.108,1.117,Sambhava Parva,0.54,,"""Janamejaya said, 'Please recite the names of Dhritarashtra's sons acc"
1.109,1.118,Sambhava Parva,0.35,,"""Janamejaya said, 'O utterer of Brahma, thou hast recited (everything "
1.110,1.119,Sambhava Parva,0.31,,"""Vaisampayana said, 'After the death of that deer, king Pandu with his"
1.111,1.120,Sambhava Parva,0.27,,"""Vaisampayana said, 'Pandu, possessed of great energy, then devoted hi"
1.112,1.121,Sambhava Parva,0.47,,"""Vaisampayana said, 'Thus addressed, Kunti replied unto her heroic lor"
1.113,1.122,Sambhava Parva,0.44,,"""Vaisampayana said, 'Thus addressed by his loving wife, king Pandu, we"
1.114,1.123,Sambhava Parva,0.50,,"""Vaisampayana said, 'O Janamejaya, when Gandhari's conception had been"
1.115,1.124,Sambhava Parva,0.39,,"""Vaisampayana said, 'After the birth of Kunti's sons and also of the h"
1.116,1.125,Sambhava Parva,0.34,,"""Vaisampayana said, ""Beholding his five handsome sons growing up befor"
1.117,1.126,Sambhava Parva,0.34,,"""Vaisampayana said, 'The godlike Rishis, wise in counsels, beholding t"
1.118,1.127,Sambhava Parva,0.33,,"""Vaisampayana continued, 'Dhritarashtra then said, 'O Vidura, celebrat"
1.119,1.128;1.129,Sambhava Parva,0.25,,"""Vaisampayana said, 'Then Bhishma and Kunti with their friends celebra"
1.120,1.130,Sambhava Parva,0.35,,"""Janamejaya said, 'O Brahmana, it behoveth thee to relate to me everyt"
1.121,1.131,Sambhava Parva,0.37,,"""Vaisampayana said, 'Desirous of giving his grandsons a superior educa"
1.122,1.132;1.133,Sambhava Parva,0.31,,"""Vaisampayana said, 'Then, O king, the mighty son of Bharadyaja presen"
1.123,1.134;1.135,Sambhava Parva,0.45,,"""Vaisampayana said, 'Thus worshipped by Bhishma, Drona, that first of "
1.124,1.136,Sambhava Parva,0.29,,"""Vaisampayana said, 'O thou of Bharata's race, beholding the sons of D"
1.125,1.137,Sambhava Parva,0.26,,"""Vaisampayana continued, 'Upon the Kuru king and Bhima, the foremost o"
1.126,1.138,Sambhava Parva,0.51,,"""Vaisampayana continued, 'When the spectators, with eyes expanded with"
1.127,1.139,Sambhava Parva,0.46,,"""Vaisampayana said, 'After this, with his sheet loosely hanging down, "
1.128,1.140,Sambhava Parva,0.26,,"""Vaisampayana continued, 'Beholding the Pandavas and the son of Dhrita"
1.129,1.141;1.142;1.143,Sambhava Parva,0.29,,"""Vaisampayana continued, 'After the expiration, O king, of a year from"
1.130,1.144,Jatugriha Parva,0.38,,"""Vaisampayana continued, ""King Dhritarashtra whose knowledge only was "
1.131,1.145,Jatugriha Parva,0.45,,"""Vaisampayana said, Then prince Duryodhana, along with his brothers be"
1.132,1.146,Jatugriha Parva,0.58,,"""Vaisampayana said, 'The wicked Duryodhana became very pleased when th"
1.133,1.147,Jatugriha Parva,0.35,,"""Vaisampayana said, 'Meanwhile the Pandavas got into their cars, yokin"
1.134,1.148,Jatugriha Parva,0.50,,"""Vaisampayana said, 'Then all the citizens (of Varanavata) on hearing "
1.135,1.149,Jatugriha Parva,0.27,,"""Vaisampayana continued, 'A friend of Vidura's, well-skilled in mining"
1.136,1.150,Jatugriha Parva,0.43,,"""Vaisampayana said, 'Seeing the Pandavas living there cheerfully and w"
1.137,1.151;1.152,Jatugriha Parva,0.54,,"""Vaisampayana said, 'About this time, the learned Vidura had sent into"
1.138,1.153,Jatugriha Parva,0.14,,"""Vaisampayana said,"" As the mighty Bhima proceeded, the whole forest w"
1.139,1.154,Hidimva-vadha Parva,0.27,,"""Vaisampayana said, 'Not far from the place where the Pandavas were as"
1.140,1.154,Hidimva-vadha Parva,0.22,merged,"""Vaisampayana said, 'Not far from the place where the Pandavas were as"
1.141,1.155,Hidimva-vadha Parva,0.25,,"""Vaisampayana said, 'Hidimva, the chief of the Rakshasas, seeing that "
1.142,1.156,Hidimva-vadha Parva,0.30,,"""Vaisampayana said, 'Roused from sleep, those tigers among men, with t"
1.143,1.157,Hidimva-vadha Parva,0.32,,"""Vaisampayana said, 'Bhima, beholding Hidimva following them, addresse"
1.144,1.158,Hidimva-vadha Parva,0.53,,"""Vaisampayana said, 'Those mighty car-warriors, the heroic Pandavas, t"
1.145,1.159,Vaka-vadha Parva,0.29,,"""Janamejaya asked, 'O first of Brahmanas, what did the Pandavas, those"
1.146,1.160,Vaka-vadha Parva,0.14,,"""Vaisampayana said, ""On hearing these words of the Brahmana, his wife "
1.147,1.161,Vaka-vadha Parva,0.14,,"""Vaisampayana said, 'On hearing these words of her afflicted parents, "
1.148,1.162,Vaka-vadha Parva,0.21,,"'Kunti said, 'I desire to learn from you the cause of this grief, for "
1.149,1.163,Vaka-vadha Parva,0.32,,"""Kunti said, Grieve not at all, O Brahmana, on account of this danger."
1.150,1.164,Vaka-vadha Parva,0.40,,"""Vaisampayana said, 'After Bhima had pledged himself to accomplish the"
1.151,1.165,Vaka-vadha Parva,0.57,,"""Having heard these words of his mother, Yudhishthira said, 'What thou"
1.152,1.166,Vaka-vadha Parva,0.26,,"""Vaisampayana said 'Then Vaka, huge as a mountain, thus broken (on Bhi"
1.153,1.167,Chaitraratha Parva,0.35,,After this citizens returned to their respective houses and the Pandav
1.154,1.168,Chaitraratha Parva,0.44,,"""The Brahmana said, 'At that region where the Ganga entered the plains"
1.155,1.169,Chaitraratha Parva,0.57,,"""The Brahmana continued, 'King Drupada (after this), distressed at hea"
1.156,1.170,Chaitraratha Parva,0.48,,"""Vaisampayana said, 'Hearing these words of the Brahmana, the sons of "
1.157,1.171,Chaitraratha Parva,0.42,,"""Vaisampayana continued, 'Then Kunti spoke unto Bhimasena and Arjuna a"
1.158,1.172,Chaitraratha Parva,0.40,,"""Vaisampayana said, 'After Vyasa had gone away, those bulls among men,"
1.159,1.172,Chaitraratha Parva,0.15,merged,"""Vaisampayana said, 'After Vyasa had gone away, those bulls among men,"
1.160,1.173,Chaitraratha Parva,0.45,,"""Arjuna said, 'Thou hast addressed me (more than once) as Tapatya. I t"
1.161,1.174,Chaitraratha Parva,0.25,,"""The Gandharva continued, 'When that maiden disappeared, that feller o"
1.162,1.174,Chaitraratha Parva,0.06,merged,"""The Gandharva continued, 'When that maiden disappeared, that feller o"
1.163,1.175,Chaitraratha Parva,0.38,,"""The Gandharva continued, 'Saying this, Tapati of faultless features, "
1.164,1.176,Chaitraratha Parva,0.22,,"""Vaisampayana said, 'That bull among the Bharatas, Arjuna, hearing the"
1.165,1.177,Chaitraratha Parva,0.41,,"""Vaisampayana said, 'That bull among the Bharatas, Arjuna, hearing the"
1.166,1.178,Chaitraratha Parva,0.37,,"""The Gandharva continued, 'There was, O Partha, a king in this world, "
1.167,1.178,Chaitraratha Parva,0.21,merged,"""The Gandharva continued, 'There was, O Partha, a king in this world, "
1.168,1.179,Chaitraratha Parva,0.44,,"""The Gandharva continued, 'Beholding his asylum bereft of his children"
1.169,1.180,Chaitraratha Parva,0.47,,"""The Gandharva continued, 'Then, O Partha, Adrisyanti, who had been re"
1.170,1.181,Chaitraratha Parva,0.53,,"""Vasishtha continued, 'The Brahmana lady, thus addressed by them, said"
1.171,1.182,Chaitraratha Parva,0.39,,"""The Gandharva said, 'Vasishtha after this, continued the narration sa"
1.172,1.183,Chaitraratha Parva,0.48,,"""The Gandharva continued, 'The Brahmana sage (Parasara) thus addressed"
1.173,1.184,Chaitraratha Parva,0.44,,"""Arjuna asked, 'What for, O Gandharva, did king Kalmashapada command h"
1.174,1.185,Chaitraratha Parva,0.57,,"""Arjuna asked, 'O Gandharva, thou art acquainted with everything. Tell"
1.175,1.186,Swayamvara Parva,0.53,,"""Vaisampayana said, 'Then those tigers among men--those brothers--the "
1.176,1.187,Swayamvara Parva,0.35,,"""Vaisampayana said, 'Thus addressed by the Brahmanas, the Pandavas, O "
1.177,1.188,Swayamvara Parva,0.52,,"""Dhrishtadyumna said, 'Duryodhana, Durvisaha, Durmukha and Dushpradhar"
1.178,1.189,Swayamvara Parva,0.34,,"""Vaisampayana said, 'Then those youthful princes adorned with ear-ring"
1.179,1.190,Swayamvara Parva,0.19,,"""Vaisampayana continued, 'When all the monarchs had desisted from stri"
1.180,1.191,Swayamvara Parva,0.29,,"""Vaisampayana said, 'When the king (Drupada) expressed his desire of b"
1.181,1.192,Swayamvara Parva,0.54,,"""Vaisampayana said, 'Then those bulls among Brahmanas shaking their de"
1.182,1.193,Swayamvara Parva,0.40,,"""Vaisampayana said, 'Then those illustrious sons of Pritha, on returni"
1.183,1.193,Swayamvara Parva,0.26,merged,"""Vaisampayana said, 'Then those illustrious sons of Pritha, on returni"
1.184,1.194,Swayamvara Parva,0.47,,"""Vaisampayana said, 'When the Kuru princes (Bhima and Arjuna) were wen"
1.185,1.195,Vaivahika Parva,0.32,,"""Vaisampayana said, 'Thus addressed Dhrishtadyumna, that foremost of t"
1.186,1.196,Vaivahika Parva,0.29,,"""Vaisampayana continued, 'The messenger said, 'King Drupada hath, in v"
1.187,1.197,Vaivahika Parva,0.34,,"""Vaisampayana said, 'Then the illustrious king of Panchala, addressing"
1.188,1.198,Vaivahika Parva,0.33,,"""Vaisampayana said, 'Then all the Pandavas and the illustrious king of"
1.189,1.199,Vaivahika Parva,0.25,,"""Vaisampayana said, 'Vyasa continued, 'In days of yore, the celestials"
1.190,1.200,Vaivahika Parva,0.14,,"""Vaisampayana said, 'Drupada, on hearing this, observed, O great Rishi"
1.191,1.201,Vaivahika Parva,0.51,,"""Vaisampayana said, 'King Drupada, after his alliance with the Pandava"
1.192,1.202,Viduragamana Parva,0.41,,"""Vaisampayana said, 'The news was carried unto all the monarchs (who h"
1.193,1.203,Viduragamana Parva,0.44,,"""Vaisampayana said, 'Dhritarashtra replied saying, I desire to do exac"
1.194,1.204,Viduragamana Parva,0.37,,"""Vaisampayana said, 'Thus addressed by Duryodhana, Karna said, 'It dot"
1.195,1.205,Viduragamana Parva,0.29,,"""Vaisampayana said, 'Asked by Dhritarashtra to give his opinion, Bhish"
1.196,1.206,Viduragamana Parva,0.40,,"""Vaisampayana said, 'After Bhishma had concluded, Drona spoke, saying,"
1.197,1.207,Viduragamana Parva,0.44,,"""Vaisampayana said, 'After Drona had ceased, Vidura spoke, saying, 'O "
1.198,1.208,Viduragamana Parva,0.48,,"""Vaisampayana said, 'Hearing these various speeches, Dhritarashtra sai"
1.199,1.209,Viduragamana Parva,0.59,,"""Vaisampayana said, 'Hearing these words of Vidura, Drupada said, 'It "
1.200,1.210,Rajya-labha Parva,0.46,,"""Janamejaya said, 'O thou possessed of ascetic wealth, what did those "
1.201,1.211,Rajya-labha Parva,0.24,,"""Vaisampayana said, 'Hearing these words of Yudhishthira, Narada repli"
1.202,1.212,Rajya-labha Parva,0.19,,"'Narada continued, 'As soon as those festivities came to an end, the b"
1.203,1.213,Rajya-labha Parva,0.42,,"""Narada continued, 'Then the celestial Rishis, the Siddhas, and the hi"
1.204,1.214,Rajya-labha Parva,0.36,,"""Narada continued, 'Meanwhile the Asura brothers having subjugated the"
1.205,1.215,Arjuna-vanavasa Parva,0.29,,"""Vaisampayana said, 'The Pandavas, having established such a rule, con"
1.206,1.216,Arjuna-vanavasa Parva,0.32,,"""Vaisampayana said, 'When that spreader of the renown of Kuru's race, "
1.207,1.217,Arjuna-vanavasa Parva,0.44,,"""Vaisampayana said, 'Then the son of the wielder of the thunderbolt na"
1.208,1.218,Arjuna-vanavasa Parva,0.55,,"""Vaisampayana said, 'Then that bull of Bharata's race went to the sacr"
1.209,1.219,Arjuna-vanavasa Parva,0.21,,"""Vaisampayana said, 'Varga continued, 'We were then, O foremost one of"
1.210,1.220,Arjuna-vanavasa Parva,0.45,,"""Vaisampayana said, 'Then Arjuna of immeasurable prowess saw, one afte"
1.211,1.221,Subhadra-harana Parva,0.51,,"""Vaisampayana said, 'O best of monarchs, within a few days after this,"
1.212,1.222,Subhadra-harana Parva,0.31,,"""Vaisampayana said, 'Then Dhananjaya, informed of the assent of Yudhis"
1.213,1.223,Haranaharana Parva,0.55,,"""Vaisampayana said, 'When the heroes of the Vrishni race began to spea"
1.214,1.224,Khandava-daha Parva,0.28,,"""Vaisampayana said, 'The Pandavas, after they had taken up their abode"
1.215,1.225;1.226,Khandava-daha Parva,0.29,,"""Vaisampayana said, 'Then that Brahmana addressed Arjuna and Vasudeva "
1.216,1.227,Khandava-daha Parva,0.42,,"""Vaisampayana, said, 'Thus addressed by Arjuna, the smoke-bannered Hut"
1.217,1.228,Khandava-daha Parva,0.30,,"""Vaisampayana said, 'Then those foremost of car-warriors (Krishna and "
1.218,1.229,Khandava-daha Parva,0.42,,"""Vaisampayana said, 'Then Vibhatsu, the son of Pandu, invoking his exc"
1.219,1.230,Khandava-daha Parva,0.40,,"""Vaisampayana said, 'Then the inhabitants of the forest of Khandava, t"
1.220,1.231,Khandava-daha Parva,0.56,,"""Janamejaya said, 'O Brahmana, tell me why and when that forest burnt "
1.221,1.232,Khandava-daha Parva,0.13,,"""Vaisampayana said, 'When the fire blazed forth in the forest of Khand"
1.222,1.233,Khandava-daha Parva,0.35,,"""Vaisampayana said, 'Hearing those words of her sons Jarita continued,"
1.223,1.234,Khandava-daha Parva,0.22,,"""Jaritari said, 'The person that is wise remaineth wakeful in view of "
1.224,1.235,Khandava-daha Parva,0.64,,"""Vaisampayana said, 'O thou of Kuru's race, the Rishi Mandapala became"
1.225,1.236,Khandava-daha Parva,0.47,,"""Vaisampayana said, 'Mandapala then addressed his children, saying, 'I"
2.1,2.1,Sabhakriya Parva,0.37,,"Om! After having bowed down to Narayana, and Nara, the most exalted ma"
2.2,2.2,Sabhakriya Parva,0.37,,"""Vaisampayana said,--""Janardana deserving the worship of all, having l"
2.3,2.3,Sabhakriya Parva,0.38,,"""Vaisampayana said,--""Then Maya Danava addressed Arjuna, that foremost"
2.4,2.4,Sabhakriya Parva,0.50,,"""Vaisampayana said,--""Then that chief of men, king Yudhishthira, enter"
2.5,2.5,Lokapala Sabhakhayana Parva,0.17,,"""Vaisampayana said,--""While the illustrious Pandavas were seated in th"
2.6,2.6,Lokapala Sabhakhayana Parva,0.39,,"""Vaisampayana said,--At the conclusion of Narada's words, king Yudhish"
2.7,2.7,Lokapala Sabhakhayana Parva,0.43,,"""Narada said,--the celestial assembly room of Sakra is full of lustre."
2.8,2.8,Lokapala Sabhakhayana Parva,0.45,,"""Narada said,--'O Yudhisthira, I shall now describe the assembly house"
2.9,2.9,Lokapala Sabhakhayana Parva,0.49,,"'Narada said--O Yudhishthira, the celestial Sabha of Varuna is unparal"
2.10,2.10,Lokapala Sabhakhayana Parva,0.33,,"""Narada said,--'Possessed of great splendour, the assembly house of Va"
2.11,2.11;2.12,Lokapala Sabhakhayana Parva,0.26,,"""Narada said,--Listen to me, O child, as I tell thee of the assembly h"
2.12,2.13,Lokapala Sabhakhayana Parva,0.34,,"Vaisampayana said,--""Yudhishthira, having heard these words of Narada,"
2.13,2.14,Rajasuyarambha Parva,0.48,,"""Krishna said,--'O great king, thou art a worthy possessor of all the "
2.14,2.15,Rajasuyarambha Parva,0.32,,"""Yudhishthira said,--""Intelligent as thou art, thou hast said what non"
2.15,2.16,Rajasuyarambha Parva,0.22,,"""Yudhishthira said,--'Desirous of the imperial dignity but acting from"
2.16,2.17,Rajasuyarambha Parva,0.25,,"""Vasudeva said,--'Arjuna hath indicated what the inclination should be"
2.17,2.18;2.19,Rajasuyarambha Parva,0.21,,"""Krishna continued,--'hearing these words of the king, the Rakshasa wo"
2.18,2.20,Jarasandhta-badha Parva,0.41,,"""Krishna said,--both Hansa and Dimvaka have fallen; Kansa also with al"
2.19,2.21,Jarasandhta-badha Parva,0.44,,"""Vasudeva said,--'behold, O Partha, the great capital of Magadha, stan"
2.20,2.22,Jarasandhta-badha Parva,0.33,,"""Jarasandha said,--'I do not recollect if I ever acted injuriously tow"
2.21,2.23,Jarasandhta-badha Parva,0.34,,"Vaisampayana said,--'then that foremost of all speakers, Krishna of th"
2.22,2.24,Jarasandhta-badha Parva,0.38,,"Vaisampayana said,--""thus addressed, Bhima firmly resolved upon slayin"
2.23,2.25,Digvijaya Parva,0.17,,"Vaisampayana said,--Arjuna, having obtained that best of bows and that"
2.24,2.26,Digvijaya Parva,0.26,,"Vaisampayana continued,--thus addressed, Dhananjaya replied unto Bhaga"
2.25,2.27,Digvijaya Parva,0.42,,"Vaisampayana said,--""that heroic and foremost of the Pandavas endued w"
2.26,2.28,Digvijaya Parva,0.58,,"Vaisampayana said,--in the meantime, Bhimasena also endued with great "
2.27,2.29,Digvijaya Parva,0.45,,"Vaisampayana said,--that chastiser of all foes then vanquished king Sr"
2.28,2.30,Digvijaya Parva,0.41,,"Vaisampayana said,--""thus also Sahadeva, dismissed with affection by k"
2.29,2.31,Digvijaya Parva,0.47,,"Vaisampayana said,--""I shall now recite to you the deeds and triumphs "
2.30,2.32,Rajasuyika Parva,0.39,,"Vaisampayana said,--""in consequence of the protection afforded by Yudh"
2.31,2.33,Rajasuyika Parva,0.41,,"Vaisampayana said,--""the ever-victorious Nakula, the son of Pandu, hav"
2.32,2.34,Rajasuyika Parva,0.21,,"Vaisampayana said,--""then, O king, Yudhishthira, having approached and"
2.33,2.35,Arghyaharana Parva,0.42,,"""Vaisampayana said,--On the last day of the sacrifice when the king wa"
2.34,2.36,Arghyaharana Parva,0.19,,"""Sisupala said--'O thou of the Kuru race, this one of the Vrishni race"
2.35,2.37,Arghyaharana Parva,0.21,,"""Vaisampayana said,--Then the king Yudhishthira hastily ran after Sisu"
2.36,2.38,Arghyaharana Parva,0.51,,"""Vaisampayana said,--The mighty Bhishma ceased, having said this. Saha"
2.37,2.39,Sisupala-badha Parva,0.37,,"""Vaisampayana said,--Beholding that vast assembly of kings agitated wi"
2.38,2.40,Sisupala-badha Parva,0.26,,"'Sisupala said,--'Old and infamous wretch of thy race, art thou not as"
2.39,2.41,Sisupala-badha Parva,0.45,,"""Sisupala said,--""That mighty king Jarasandha who desired not to fight"
2.40,2.42,Sisupala-badha Parva,0.34,,"""Bhishma said,--This Sisupala was born in the line of the king of Ched"
2.41,2.43,Sisupala-badha Parva,0.29,,"""Bhishma said,--The will under which the ruler of Chedi summoneth thee"
2.42,2.44;2.45,Sisupala-badha Parva,0.45,,"""Vaisampayana said,--Hearing these words of Bhishma, the ruler of Ched"
2.43,2.46,Dyuta Parva,0.23,,"Vaisampayana said,--""That bull among men, Duryodhana, continued to dwe"
2.44,2.47,Dyuta Parva,0.39,,"""Sakuni said.--'O Duryodhana, thou shouldst not be jealous of Yudhisht"
2.45,2.48,Dyuta Parva,0.31,,"Vaisampayana said--""O king, impressed with the great Rajasuya sacrific"
2.46,2.49,Dyuta Parva,0.20,,"Janamejaya said,--""O thou foremost of all conversant with the Vedas, h"
2.47,2.50,Dyuta Parva,0.26,,"Duryodhana said,--'Listen now, O Bharata, about all the most costly ar"
2.48,2.51,Dyuta Parva,0.40,,"Duryodhana said,--'O sinless one, listen to me as I describe that larg"
2.49,2.52,Dyuta Parva,0.33,,"Duryodhana said,--""Those king that are revered over all the world, who"
2.50,2.53;2.54,Dyuta Parva,0.07,,"""Dhritrashtra said,--Thou art my eldest son and born also of my eldest"
2.51,2.55;2.56,Dyuta Parva,0.20,,"""Sakuni said,--O thou foremost of victorious persons, I will snatch (f"
2.52,2.57,Dyuta Parva,0.25,,"Vaisampayana said,--""Vidura then, thus commanded against his will by k"
2.53,2.58;2.59,Dyuta Parva,0.23,,"Vaisampayana said,--""The sons of Pritha with Yudhishthira at their hea"
2.54,2.60,Dyuta Parva,0.36,,"Yudhishthira said,--""Thou hast won this stake of me by unfair means. B"
2.55,2.61,Dyuta Parva,0.51,,"Vaisampayana said,--""During the course of this gambling, certain to br"
2.56,2.62,Dyuta Parva,0.07,,"""Vidura said,--""Gambling is the root of dissensions. It bringeth about"
2.57,2.63,Dyuta Parva,0.01,,"Duryodhana said,--'O Kshatta, thou art always boasting of the fame of "
2.58,2.64,Dyuta Parva,0.18,,"""Sakuni said,--'Thou hast, O Yudhishthira, lost much wealth of the Pan"
2.59,2.65,Dyuta Parva,0.22,,"Duryodhana said,--'Come, Kshatta, bring hither Draupadi the dear and l"
2.60,2.66,Dyuta Parva,0.31,,"Vaisampayana said,--""Intoxicated with pride, the son of Dhritarashtra "
2.61,2.67,Dyuta Parva,0.46,,"""Bhima said, --'O Yudhishthira, gamblers have in their houses many wom"
2.62,2.68;2.69,Dyuta Parva,0.25,,"Draupadi said,--'Wait a little, thou worst of men, thou wicked-minded "
2.63,2.70,Dyuta Parva,0.29,,"""Karna said,--'Of all the persons in the assembly, three, viz., Bhishm"
2.64,2.71,Dyuta Parva,0.24,,"""Karna said,--'We have never heard of such an act (as this one of Drau"
2.65,2.72,Dyuta Parva,0.27,,"""Yudhishthira said,--'O king, thou art our master. Command us as to wh"
2.66,2.73;2.74,Dyuta Parva,0.24,,"Janamejaya said,--""How did the sons of Dhritarashtra feel, when they c"
2.67,2.75,Dyuta Parva,0.10,,"Vaisampayana said,--'The royal messenger, agreeably to the commands of"
2.68,2.76,Dyuta Parva,0.29,,"Vaisampayana said,--""Then the vanquished sons of Pritha prepared for t"
2.69,2.77,Dyuta Parva,0.44,,"Yudhishthira said,--'I bid farewell unto all the Bharatas, unto my old"
2.70,2.78,Dyuta Parva,0.22,,"Vaisampayana said,--'Then when Draupadi was about to set out she went "
2.71,2.79,Dyuta Parva,0.27,,"Vaisampayana said,--""As soon as Vidura endued with great foresight cam"
2.72,2.80,Dyuta Parva,0.34,,"Vaisampayana said,--""defeated at dice, after the Pandavas had gone to "
3.1,3.1,Aranyaka Parva,0.13,,"Om! Having bowed down to Narayana, and Nara the foremost of male being"
3.2,3.2,Aranyaka Parva,0.22,,"""Vaisampayana said, 'When that night passed away and day broke in, tho"
3.3,3.3,Aranyaka Parva,0.37,,"""Vaisampayana said, 'Yudhishthira the son of Kunti, thus addressed by "
3.4,3.3,Aranyaka Parva,0.07,merged,"""Vaisampayana said, 'Yudhishthira the son of Kunti, thus addressed by "
3.5,3.4,Aranyaka Parva,0.45,,"""Vaisampayana said,--""After the Pandavas had gone to the forest, Dhrit"
3.6,3.5,Aranyaka Parva,0.47,,"""Vaisampayana said, 'Desirous of living in the forest, those bulls of "
3.7,3.6,Aranyaka Parva,0.65,,"""Vaisampayana said, 'O king, after Vidura had gone to the abode of the"
3.8,3.7,Aranyaka Parva,0.35,,"""Vaisampayana said, 'Hearing that Vidura had returned, and that the ki"
3.9,3.8,Aranyaka Parva,0.47,,"""Vyasa said, 'O wise Dhritarashtra, hear what I say! I will tell thee "
3.10,3.9,Aranyaka Parva,0.17,,"""Dhritarashtra said, 'O holy one, I did not like this business of gamb"
3.11,3.10,Aranyaka Parva,0.67,,"""Dhritarashtra said, 'O Muni of profound wisdom, it is even as thou sa"
3.12,3.11,Kirmirabadha Parva,0.39,,"""Dhritarashtra said, 'O Kshatta, I am desirous to hear of the destruct"
3.13,3.12,Arjunabhigamana Parva,0.42,,"Vaisampayana said, 'Hearing that the Pandavas had been banished, the B"
3.14,3.13,Arjunabhigamana Parva,0.30,,"""Vasudeva said, O lord of earth, if I had been present at Dwaraka, the"
3.15,3.14,Arjunabhigamana Parva,0.62,,"""Yudhishthira said, 'O Krishna, why wert thou absent (from the Anartta"
3.16,3.15,Arjunabhigamana Parva,0.18,,"""Yudhishthira said, 'O illustrious Vasudeva of mighty arms, tell thou "
3.17,3.16,Arjunabhigamana Parva,0.66,,"""Vasudeva continued, 'O king of kings, Salwa, the lord of Saubha, came"
3.18,3.17,Arjunabhigamana Parva,0.59,,"""Vasudeva continued, 'O bull of the Bharata race, having spoken thus u"
3.19,3.18,Arjunabhigamana Parva,0.52,,"""Vasudeva continued, 'O king, afflicted with the arrows of Salwa, when"
3.20,3.19,Arjunabhigamana Parva,0.58,,"Vasudeva continued, Thus addressed, the son of Suta race replied in ha"
3.21,3.20,Arjunabhigamana Parva,0.48,,"""Vasudeva said, 'When Salwa had left the city of the Anarttas, I retur"
3.22,3.21,Arjunabhigamana Parva,0.60,,"""Vasudeva said, 'O thou tiger among men, my great enemy king Salwa, th"
3.23,3.22,Arjunabhigamana Parva,0.55,,"""Vasudeva continued, 'Then O thou foremost of the Bharata race, taking"
3.24,3.23,Arjunabhigamana Parva,0.44,,"Vaisampayana continued, ""After the chief of the Dasharhas had departed"
3.25,3.24,Arjunabhigamana Parva,0.42,,"Vaisampayana said, ""After they had departed, Yudhishthira the virtuous"
3.26,3.25,Arjunabhigamana Parva,0.31,,"Vaisampayana said, ""Having fallen into distress, those princes thus ob"
3.27,3.26,Arjunabhigamana Parva,0.33,,"Vaisampayana said, ""While the illustrious son of Pandu continued to dw"
3.28,3.27,Arjunabhigamana Parva,0.28,,"Vaisampayana said, ""Exiled to the woods the sons of Pritha with Krishn"
3.29,3.28,Arjunabhigamana Parva,0.30,,"""Draupadi continued, 'On this subject, the ancient story of the conver"
3.30,3.29,Arjunabhigamana Parva,0.19,,"Yudhishthira said, 'Anger is the slayer of men and is again their pros"
3.31,3.30,Arjunabhigamana Parva,0.10,,"""Draupadi said, 'I bow down unto Dhatri and Vidhatri who have thus clo"
3.32,3.31,Arjunabhigamana Parva,0.19,,"""Yudhishthira said, 'Thy speech, O Yajnaseni, is delightful, smooth an"
3.33,3.32,Arjunabhigamana Parva,0.02,,"""Draupadi said, 'I do not ever disregard or slander religion, O son of"
3.34,3.33,Arjunabhigamana Parva,0.19,,"'Vaisampayana said, ""Hearing these words of Yajnaseni, Bhimasena, sigh"
3.35,3.34,Arjunabhigamana Parva,0.29,,"Vaisampayana said, ""Thus addressed by Bhimasena, the high-souled king "
3.36,3.35,Arjunabhigamana Parva,0.35,,"Bhima said, 'O king, unsubstantial as thou art like froth, unstable li"
3.37,3.36,Arjunabhigamana Parva,0.47,,"Vaisampayana said, ""Hearing those words of Bhima, Yudhishthira. the so"
3.38,3.37,Arjunabhigamana Parva,0.33,,"Vaisampayana said, ""After some time, Yudhishthira the just, rememberin"
3.39,3.38,Kairata Parva,0.30,,"Janemejaya said, ""O illustrious one, I desire to hear in detail the hi"
3.40,3.39,Kairata Parva,0.47,,"Vaisampayana said, ""After all those illustrious ascetics had gone away"
3.41,3.40,Kairata Parva,0.25,,"""Mahadeva said, 'Thou wert in thy former life Nara, the friend of Nara"
3.42,3.41,Kairata Parva,0.35,,"Vaisampayana said, ""The wielder of the Pinaka, having the bull for his"
3.43,3.42,Indralokagamana Parva,0.54,,"Vaisampayana said, ""After the Lokapalas had gone away, Arjuna--that sl"
3.44,3.43;3.44;3.45;3.46,Indralokagamana Parva,0.54,,"Vaisampayana said, ""And the city of Indra which Arjuna saw was delight"
3.45,3.47,Indralokagamana Parva,0.35,,"Vaisampayana said, ""One day, the great Rishi Lomasa in course of his w"
3.46,3.48;3.49,Indralokagamana Parva,0.37,,"Janamejaya said, ""These feats of Pritha's son endued with immeasurable"
3.47,3.50,Indralokagamana Parva,0.44,,"Janamejaya said, ""Having sent the heroic sons of Pandu into exile, the"
3.48,3.51,Indralokagamana Parva,0.54,,"Vaisampayana said, ""That bull among men--Dhritarashtra--the son of Amv"
3.49,3.52,Nalopakhyana Parva,0.41,,"Janamejaya said, ""When the high-souled Partha went to Indra's region f"
3.50,3.53,Nalopakhyana Parva,0.53,,"Vrihadaswa said, ""There was a king named Nala, the son of Virasena. An"
3.51,3.54,Nalopakhyana Parva,0.51,,"""Vrihadaswa said, 'O Bharata, hearing those words of the swan, Damayan"
3.52,3.55,Nalopakhyana Parva,0.31,,"""Vrihadaswa continued, 'O Bharata, Nala pledged his word to the celest"
3.53,3.56,Nalopakhyana Parva,0.40,,"""Vrihadaswa said, 'Damayanti, having bowed down unto the gods, thus ad"
3.54,3.57,Nalopakhyana Parva,0.45,,"""Vrihadaswa continued, 'Then at the sacred hour of the holy lunar day "
3.55,3.58,Nalopakhyana Parva,0.68,,"""Vrihadaswa said, 'When the blazing guardians of the worlds were retur"
3.56,3.59,Nalopakhyana Parva,0.66,,"""Vrihadaswa said, 'Having made this compact with Dwapara, Kali came to"
3.57,3.60,Nalopakhyana Parva,0.62,,"Vrihadaswa said. ""Bhima's daughter, the cool-headed Damayanti, seeing "
3.58,3.61,Nalopakhyana Parva,0.51,,"""Vrihadaswa said, 'After Varshneya had gone away, Pushkara won from th"
3.59,3.62,Nalopakhyana Parva,0.50,,"""Nala said, 'Surely, thy father's kingdom is as my own. But thither I "
3.60,3.63,Nalopakhyana Parva,0.44,,"Vrihadaswa said, ""O king, after Nala had gone away, the beauteous Dama"
3.61,3.64,Nalopakhyana Parva,0.34,,"""Vrihadaswa continued, 'Having destroyed that hunter Damayanti of eyes"
3.62,3.65,Nalopakhyana Parva,0.29,,"""Vrihadaswa said, 'Having heard the words of the leader of that carava"
3.63,3.66,Nalopakhyana Parva,0.44,,"""Vrihadaswa said, 'O monarch, having deserted Damayanti, king Nala saw"
3.64,3.67,Nalopakhyana Parva,0.33,,"""Vrihadaswa said, 'After the snake had vanquished, Nala, the ruler of "
3.65,3.68,Nalopakhyana Parva,0.58,,"""Vaisampayana said, 'After Nala, despoiled of his kingdom, had, with h"
3.66,3.69,Nalopakhyana Parva,0.56,,"""Sudeva said, 'There is a virtuous and illustrious ruler of the Vidarb"
3.67,3.69,Nalopakhyana Parva,0.27,merged,"""Sudeva said, 'There is a virtuous and illustrious ruler of the Vidarb"
3.68,3.70,Nalopakhyana Parva,0.62,,"""Vrihadaswa said, 'After a long time had passed away, a Brahmana named"
3.69,3.71,Nalopakhyana Parva,0.48,,"""Vrihadaswa continued, 'Having heard the words of Sudeva king Rituparn"
3.70,3.72,Nalopakhyana Parva,0.36,,"""Vrihadaswa said, 'Like a bird coursing through the sky, Nala soon cro"
3.71,3.73,Nalopakhyana Parva,0.50,,"""Vrihadaswa said, 'After Rituparna of prowess incapable of being baffl"
3.72,3.74,Nalopakhyana Parva,0.35,,"""Damayanti said, 'O Kesini, go thou and learn who that charioteer is t"
3.73,3.75,Nalopakhyana Parva,0.38,,"""Vrihadaswa said, 'Hearing everything, Damayanti became oppressed with"
3.74,3.76,Nalopakhyana Parva,0.41,,"""Vrihadaswa said, 'Beholding the agitation of the virtuous and wise Na"
3.75,3.76,Nalopakhyana Parva,0.20,merged,"""Vrihadaswa said, 'Beholding the agitation of the virtuous and wise Na"
3.76,3.77,Nalopakhyana Parva,0.51,,"""Vrihadaswa said, 'Having passed that night, king Nala decked in ornam"
3.77,3.78,Nalopakhyana Parva,0.52,,"""Vrihadaswa said, 'O son of Kunti, the ruler of the Nishadhas having d"
3.78,3.79,Nalopakhyana Parva,0.25,,"""Vrihadaswa said, 'After the festivities had commenced in the city tha"
3.79,3.80,Tirtha-yatra Parva,0.36,,"Janamejaya said, ""O holy one, after my great-grandfather Partha had go"
3.80,3.81;3.82,Tirtha-yatra Parva,0.43,,"Vaisampayana said, ""Hearing these words of his brothers as also of Kri"
3.81,3.83,Tirtha-yatra Parva,0.58,,"""Pulastya said, 'One should next proceed, O king, to the adored Kuruks"
3.82,3.84,Tirtha-yatra Parva,0.50,,"""Pulastya said, 'Then, O great king, one should proceed to the excelle"
3.83,3.85,Tirtha-yatra Parva,0.55,,"""Pulastya said, 'Arriving next at the excellent tirtha called Samvedya"
3.84,3.86,Tirtha-yatra Parva,0.37,,"""Vaisampayana continued, 'Having ascertained the opinion of his brothe"
3.85,3.87,Tirtha-yatra Parva,0.30,,"Vaisampayana said, ""Beholding the Pandavas afflicted with anxiety and "
3.86,3.88,Tirtha-yatra Parva,0.42,,"""Dhaumya continued, 'Listen, O Bharata, I shall now narrate to thee in"
3.87,3.89,Tirtha-yatra Parva,0.49,,"""Dhaumya continued, 'I shall describe to thee those sacred spots capab"
3.88,3.90,Tirtha-yatra Parva,0.32,,"""Dhaumya continued, 'O tiger among kings, I shall now describe those t"
3.89,3.91,Tirtha-yatra Parva,0.45,,"Vaisampayana continued, ""O son of the Kuru race, while Dhaumya was spe"
3.90,3.92,Tirtha-yatra Parva,0.25,,"""Lomasa continued, 'Listen now, O Yudhishthira, to what Dhananjaya hat"
3.91,3.93,Tirtha-yatra Parva,0.44,,"Vaisampayana said, ""Those Brahmanas then, that had been dwelling (with"
3.92,3.94,Tirtha-yatra Parva,0.31,,"""Yudhishthira said, 'O best of celestial Rishis, I do not think that I"
3.93,3.95,Tirtha-yatra Parva,0.41,,"Vaisampayana said, ""The heroic sons of Pandu, accompanied by their fol"
3.94,3.96,Tirtha-yatra Parva,0.43,,"Vaisampayana said, ""After this the royal son of Kunti who was ever dis"
3.95,3.97,Tirtha-yatra Parva,0.66,,"""Lomasa continued, 'When Agastya thought that girl to be competent for"
3.96,3.98,Tirtha-yatra Parva,0.66,,"""Lomasa continued, 'Agastya then, O son of the Kuru race, went to king"
3.97,3.99,Tirtha-yatra Parva,0.44,,"""Lomasa said, 'When Ilwala learnt that those kings along with the grea"
3.98,3.100,Tirtha-yatra Parva,0.48,,"""Yudhishthira said, 'O best of regenerate ones, I desire again to hear"
3.99,3.101,Tirtha-yatra Parva,0.43,,"""Lomasa said, 'Armed with the Vajra then, and supported by celestials "
3.100,3.102,Tirtha-yatra Parva,0.41,,"""Lomasa said, 'The Kalakeyas then having recourse to that receptacle o"
3.101,3.103,Tirtha-yatra Parva,0.27,,"""The celestials said, 'Through thy favour it is that all born beings o"
3.102,3.104,Tirtha-yatra Parva,0.39,,"""Yudhishthira said, 'O great saint! I am desirous of hearing in detail"
3.103,3.105,Tirtha-yatra Parva,0.06,,"""Lomasa said, 'That blessed saint, the son of Varuna, having reached t"
3.104,3.106,Tirtha-yatra Parva,0.37,,"""Lomasa said, 'Then gathered together, Brahma, the grandfather of men "
3.105,3.106,Tirtha-yatra Parva,0.16,merged,"""Lomasa said, 'Then gathered together, Brahma, the grandfather of men "
3.106,3.107,Tirtha-yatra Parva,0.64,,"""Lomasa said, 'O most righteous of kings! When he heard these words (p"
3.107,3.108,Tirtha-yatra Parva,0.41,,"""Lomasa said, 'That same king, of a powerful bow, standing at the head"
3.108,3.109,Tirtha-yatra Parva,0.58,,"""Lomasa said, 'The blessed God having heard what Bhagiratha had said, "
3.109,3.109,Tirtha-yatra Parva,0.03,merged,"""Lomasa said, 'The blessed God having heard what Bhagiratha had said, "
3.110,3.110,Tirtha-yatra Parva,0.56,,"Vaisampayana said, ""O chief of the Bharata race! then the son of Kunti"
3.111,3.111,Tirtha-yatra Parva,0.59,,"""Lomasa said, 'O descendant of Bharata! she in order to compass the ob"
3.112,3.112,Tirtha-yatra Parva,0.00,,"'Rishyasringa said, 'Here came to-day a religious student with a mass "
3.113,3.113,Tirtha-yatra Parva,0.74,,"""Vibhandaka said, 'Those are, O son! Rakshasas. They walk about in tha"
3.114,3.114,Tirtha-yatra Parva,0.36,,"""Vaisampayana said, 'Then, O Janamejaya, the son of Pandu started from"
3.115,3.115,Tirtha-yatra Parva,0.41,,"""Vaisampayana said, 'The protector of the earth spent there a single n"
3.116,3.116,Tirtha-yatra Parva,0.63,,"""Akritavrana said, 'Jamadagni devoted himself to the study of the Veda"
3.117,3.117,Tirtha-yatra Parva,0.35,,"""Rama said, 'The blame is mine, O father, that like a stag in the wood"
3.118,3.118,Tirtha-yatra Parva,0.44,,"Vaisampayana said, ""The magnanimous monarch pursued his journey, and a"
3.119,3.119,Tirtha-yatra Parva,0.26,,"Janamejaya said, ""O thou of ascetic wealth! when the sons of Pandu and"
3.120,3.120,Tirtha-yatra Parva,0.35,,"Satyaki said, ""O Rama! this is not the time of lamentation; let us do "
3.121,3.121,Tirtha-yatra Parva,0.30,,"Lomasa said, ""O king! when the Nriga performed a sacrifice here, he gr"
3.122,3.122,Tirtha-yatra Parva,0.47,,"""Lomasa said, 'A son was born to the great saint Bhrigu, Chyavana by n"
3.123,3.123,Tirtha-yatra Parva,0.62,,"""Lomasa said, 'Once on a time, O king, those celestials, namely the tw"
3.124,3.124,Tirtha-yatra Parva,0.47,,"""Lomasa said, 'Now the news came to Saryati that Chyavana had been tur"
3.125,3.125,Tirtha-yatra Parva,0.56,,"""Lomasa said, 'When the god who had performed a hundred sacrifices (In"
3.126,3.126,Tirtha-yatra Parva,0.35,,"""Yudhishthira said, 'O great Brahmana, how was that tiger among kings,"
3.127,3.127,Tirtha-yatra Parva,0.65,,"Yudhishthira said, 'O best of speakers! what was the extent of power a"
3.128,3.128,Tirtha-yatra Parva,0.57,,"""Somaka said, 'O Brahmana! whatever is to be performed--do precisely a"
3.129,3.129,Tirtha-yatra Parva,0.41,,"""Lomasa said, 'Here, O king! The lord of born beings himself performed"
3.130,3.130,Tirtha-yatra Parva,0.47,,"""Lomasa said, 'O son of Bharata's race! If mortals breathe their last "
3.131,3.131,Tirtha-yatra Parva,0.24,,"""The hawk said, 'All the kings of the earth represent thee as a pious "
3.132,3.132,Tirtha-yatra Parva,0.70,,"""Lomasa said, 'See here, O lord of men, the sacred hermitage of Swetak"
3.133,3.133,Tirtha-yatra Parva,0.27,,"""Ashtavakra said, 'When no Brahmana is met with on the way, the way be"
3.134,3.134,Tirtha-yatra Parva,0.44,,"""Ashtavakra said, 'O king, O leader of fierce legions, in this assembl"
3.135,3.135,Tirtha-yatra Parva,0.48,,"""Lomasa said, 'Here, O king, is visible the river Samanga, whose forme"
3.136,3.135,Tirtha-yatra Parva,0.31,merged,"""Lomasa said, 'Here, O king, is visible the river Samanga, whose forme"
3.137,3.136,Tirtha-yatra Parva,0.36,,"""Lomasa said, 'One day in the month of Chaitra, while fearlessly wande"
3.138,3.137,Tirtha-yatra Parva,0.26,,"""Lomasa said, 'O son of Kunti, Bharadwaja returned to his hermitage af"
3.139,3.138,Tirtha-yatra Parva,0.47,,"""Lomasa said, 'At that very time, the mighty king, Vrihadyumna, of hig"
3.140,3.139,Tirtha-yatra Parva,0.48,,"""Lomasa said, 'O descendant of Bharata, O king, now hast thou left beh"
3.141,3.140,Tirtha-yatra Parva,0.25,,"""Yudhishthira said, 'O Vrikodara, there are mighty and powerful invisi"
3.142,3.141,Tirtha-yatra Parva,0.02,,"""Lomasa said, O sons of Pandu, ye have seen many a mountain, and river"
3.143,3.142,Tirtha-yatra Parva,0.34,,"Vaisampayana said, ""O king, then those foremost of bowmen, of immeasur"
3.144,3.143,Tirtha-yatra Parva,0.56,,"Vaisampayana said, ""When the high-souled sons of Pandu had proceeded o"
3.145,3.144,Tirtha-yatra Parva,0.38,,"""Yudhishthira said, 'O Bhima, let this mighty and heroic Rakshasa chie"
3.146,3.145,Tirtha-yatra Parva,0.35,,"Vaisampayana said, ""There observing cleanliness, those tigers among me"
3.147,3.146;3.147,Tirtha-yatra Parva,0.49,,"Vaisampayana said, ""O represser of foes, hearing these words of the in"
3.148,3.148,Tirtha-yatra Parva,0.51,,"Vaisampayana continued, ""Thus addressed, the powerful Bhimasena of mig"
3.149,3.149,Tirtha-yatra Parva,0.37,,"""Bhimasena said, 'Without beholding thy former shape, I will never go "
3.150,3.150;3.151,Tirtha-yatra Parva,0.31,,"Vaisampayana said, ""Then contracting that huge body of his, which he h"
3.151,3.152,Tirtha-yatra Parva,0.33,,"Vaisampayana said, ""Having reached that spot, Bhimasena saw in the vic"
3.152,3.153,Tirtha-yatra Parva,0.54,,"""Bhima said, 'I am the son of Pandu, and next by birth to Yudhishthira"
3.153,3.154;3.155,Tirtha-yatra Parva,0.37,,"Vaisampayana said, ""Then, O best of the Bharatas, Bhima began to colle"
3.154,3.156,Tirtha-yatra Parva,0.42,,"Vaisampayana continued, ""Thus dwelling with the Brahmanas in that best"
3.155,3.157,Tirtha-yatra Parva,0.33,,"Vaisampayana continued, ""On that Rakshasa having been slain, that lord"
3.156,3.158,Tirtha-yatra Parva,0.45,,"Vaisampayana continued, ""Having approached that one, whose sins had be"
3.157,3.159,Tirtha-yatra Parva,0.45,,"Janamejaya said, ""How long did my great grandsires, the highsouled son"
3.158,3.160,Tirtha-yatra Parva,0.45,,"Vaisampayana said, ""Hearing various sounds resounding in the caves of "
3.159,3.161,Tirtha-yatra Parva,0.50,,"""The lord of treasures said, 'O Yudhishthira, patience, ability, (appr"
3.160,3.162,Tirtha-yatra Parva,0.31,,"Vaisampayana continued, ""Then, O represser of foes, at sunrise, having"
3.161,3.163;3.164,Tirtha-yatra Parva,0.43,,"Vaisampayana continued, ""Dwelling in that best of mountains those high"
3.162,3.165,Tirtha-yatra Parva,0.42,,"Vaisampayana said, ""Then when the night had been spent, Dhananjaya, to"
3.163,3.166,Tirtha-yatra Parva,0.32,,"Vaisampayana continued, ""When Sakra had gone to his proper place, Vibh"
3.164,3.167,Tirtha-yatra Parva,0.35,,"""Arjuna said, 'O Bharata, by the grace of that god of gods the Supreme"
3.165,3.167,Tirtha-yatra Parva,0.31,merged,"""Arjuna said, 'O Bharata, by the grace of that god of gods the Supreme"
3.166,3.168,Tirtha-yatra Parva,0.44,,"""Arjuna continued, 'Then at places eulogised by the Maharshis, I (proc"
3.167,3.169,Tirtha-yatra Parva,0.53,,"""Arjuna continued, 'Then, O Bharata, vehemently rushed at me in battle"
3.168,3.170,Tirtha-yatra Parva,0.35,,"""Arjuna said, 'Then with rocks of the proportions of trees, there comm"
3.169,3.171,Tirtha-yatra Parva,0.51,,"""Arjuna continued, 'Remaining invisible the Daityas began to fight wit"
3.170,3.172,Tirtha-yatra Parva,0.44,,"""Arjuna continued, 'Then while returning, I happened to descry a might"
3.171,3.173,Tirtha-yatra Parva,0.59,,"""Arjuna continued, 'Then firmly confident, the sovereign of the celest"
3.172,3.174,Tirtha-yatra Parva,0.41,,"Vaisampayana continued, ""And when the night had passed, Yudhishthira t"
3.173,3.175,Tirtha-yatra Parva,0.50,,"Janamejaya said, ""When that prime among heroes, having been accomplish"
3.174,3.176,Tirtha-yatra Parva,0.30,,"Vaisampayana said, ""When they had left their happy home in the beautif"
3.175,3.177,Tirtha-yatra Parva,0.26,,"Janamejaya said, ""How was it, O sage! that Bhima, of mighty prowess an"
3.176,3.178,Tirtha-yatra Parva,0.32,,"Vaisampayana continued, ""And the powerful Bhimasena, having thus come "
3.177,3.179,Tirtha-yatra Parva,0.32,,"Vaisampayana continued, ""Yudhishthira, finding his beloved brother coi"
3.178,3.180,Tirtha-yatra Parva,0.17,,"""Yudhishthira said, 'In this world, you are so learned in the Vedas an"
3.179,3.181,Markandeya-Samasya Parva,0.16,,"Vaisampayana said, ""While they were dwelling at that place, there set "
3.180,3.182,Markandeya-Samasya Parva,0.41,,"Vaisampayana said, ""O son of Kuru, they, Yudhishthira and others, havi"
3.181,3.182,Markandeya-Samasya Parva,0.07,merged,"Vaisampayana said, ""O son of Kuru, they, Yudhishthira and others, havi"
3.182,3.183,Markandeya-Samasya Parva,0.52,,"Vaisampayana continued,--""The sons of Pandu said to the high-souled Ma"
3.183,3.184,Markandeya-Samasya Parva,0.60,,"""Markandeya continued, 'Do ye again hear from me the glory of the Brah"
3.184,3.185,Markandeya-Samasya Parva,0.27,,"""Markandeya continued, 'O thou conqueror of hostile cities, in this co"
3.185,3.186,Markandeya-Samasya Parva,0.41,,"Then Yudhishthira, the son of Pandu, said to the Brahmana, Markandeya,"
3.186,3.187,Markandeya-Samasya Parva,0.31,,"""Then the virtuous king Yudhishthira in all humility again enquired of"
3.187,3.188,Markandeya-Samasya Parva,0.23,,"""Markandeya continued, 'The Deity then said, 'O Brahmana, the gods eve"
3.188,3.189,Markandeya-Samasya Parva,0.36,,"""Vaisampayana said Yudhishthira, the son of Kunti, once more asked the"
3.189,3.190,Markandeya-Samasya Parva,0.32,,"""Markandeya continued, 'Having exterminated the thieves and robbers, K"
3.190,3.191;3.192;3.193;3.194;3.195;3.196;3.197,Markandeya-Samasya Parva,0.37,,"Janamejaya said, ""It behoveth thee to narrate to me in full the greatn"
3.191,3.198;3.199,Markandeya-Samasya Parva,0.37,,"Vaisampayana said, ""The sons of Pandu and those Rishis then asked Mark"
3.192,3.200,Markandeya-Samasya Parva,0.43,,"Vaisampayana said, ""Having, O great king, heard from the illustrious M"
3.193,3.201,Markandeya-Samasya Parva,0.57,,"Markandeya said, ""O king, after the death of Ikshvaku, a highly virtuo"
3.194,3.202,Markandeya-Samasya Parva,0.23,,"""Markandeya said, 'Thus addressed by Utanka, that unvanquished royal s"
3.195,3.203,Markandeya-Samasya Parva,0.48,,"""Markandeya said, 'The illustrious Dhundhu, O king, was the son of Mad"
3.196,3.204,Markandeya-Samasya Parva,0.13,,"Vaisampayana said, ""O thou foremost of the Bharata race, king Yudhisth"
3.197,3.205,Markandeya-Samasya Parva,0.21,,"""Markandeya said, 'There was, O Bharata, a virtuous ascetic of the nam"
3.198,3.206,Markandeya-Samasya Parva,0.18,,"""Markandeya said, 'Continually reflecting upon that wonderful discours"
3.199,3.207,Markandeya-Samasya Parva,0.21,,"""Markandeya continued, 'The pious fowler, O Yudhishthira, then said to"
3.200,3.208,Markandeya-Samasya Parva,0.09,,"Markandeya continued, ""O Yudhishthira, the virtuous fowler, eminent in"
3.201,3.209,Markandeya-Samasya Parva,0.05,,"""Markandeya continued, 'Hear, O king Yudhishthira what the virtuous fo"
3.202,3.210,Markandeya-Samasya Parva,0.03,,"""Markandeya continued, 'O Bharata, the Brahmana, thus interrogated by "
3.203,3.211;3.212,Markandeya-Samasya Parva,0.24,,"Markandeya continued, ""O Bharata, the fowler having expounded these ab"
3.204,3.213,Markandeya-Samasya Parva,0.05,,"""Markandeya said, 'When, O Yudhishthira, all this mystery of salvation"
3.205,3.214,Markandeya-Samasya Parva,0.51,,"""Markandeya continued, 'The virtuous fowler, having introduced his (bo"
3.206,3.215,Markandeya-Samasya Parva,0.17,,"""The fowler continued, 'Thus cursed by that rishi, I sought to propiti"
3.207,3.216,Markandeya-Samasya Parva,0.44,,"Vaisampayana continued, ""The virtuous king Yudhishthira, having listen"
3.208,3.217,Markandeya-Samasya Parva,0.41,,"Markandeya continued, 'O ornament of Kuru's race, he (Angiras) who was"
3.209,3.218,Markandeya-Samasya Parva,0.18,,"""Markandeya continued, 'Vrishaspati had a wife (called Tara) belonging"
3.210,3.219,Markandeya-Samasya Parva,0.45,,"""Markandeya continued, 'He (Uktha) performed a severe penance lasting "
3.211,3.220,Markandeya-Samasya Parva,0.24,,"""Markandeya continued, 'The fire called Bharata was bound by severe ru"
3.212,3.221,Markandeya-Samasya Parva,0.52,,"Markandeya continued, ""Mudita, the favourite wife of the fire Swaha, u"
3.213,3.222;3.223,Markandeya-Samasya Parva,0.44,,"""Markandeya continued, 'O sinless scion of Kuru's race, I have describ"
3.214,3.224,Markandeya-Samasya Parva,0.30,,"""Markandeya continued, 'O lord of men, the beautiful Siva endowed with"
3.215,3.225,Markandeya-Samasya Parva,0.47,,"""Markandeya continued, 'When that powerful, high-souled, and mighty be"
3.216,3.226,Markandeya-Samasya Parva,0.41,,"""Markandeya continued, The planets with their satellites, the Rishis a"
3.217,3.227,Markandeya-Samasya Parva,0.61,,"""Markandeya continued, 'Now hear of those terrible and curious-looking"
3.218,3.228,Markandeya-Samasya Parva,0.41,,"""Markandeya continued, 'Skanda was adorned with a golden amulet and wr"
3.219,3.229,Markandeya-Samasya Parva,0.51,,"""Markandeya continued, 'Those six ladies, the wives of the seven Rishi"
3.220,3.229,Markandeya-Samasya Parva,0.21,merged,"""Markandeya continued, 'Those six ladies, the wives of the seven Rishi"
3.221,3.230,Markandeya-Samasya Parva,0.43,,"Markandeya continued, ""When Skanda had bestowed these powers, Swaha ap"
3.222,3.231,Markandeya-Samasya Parva,0.29,,"(Draupadi-Satyabhama Samvada) Vaisampayana said, ""After those Brahmana"
3.223,3.232,Markandeya-Samasya Parva,0.34,,"""Draupadi said, 'I shall now indicate to thee, for attracting the hear"
3.224,3.233,Markandeya-Samasya Parva,0.72,,"Vaisampayana said, ""Then Kesava, the slayer of Madhu, also called Jana"
3.225,3.234,Ghosha-yatra Parva,0.25,,"Janamejaya said, ""While those foremost of men--the sons of Pritha--wer"
3.226,3.235,Ghosha-yatra Parva,0.35,,"Vaisampayana said, ""Hearing those words of Dhritarashtra, Sakuni, when"
3.227,3.236,Ghosha-yatra Parva,0.26,,"Vaisampayana said, ""Having heard these words of Karna, king Duryodhana"
3.228,3.237,Ghosha-yatra Parva,0.36,,"Vaisampayana said, ""They then all saw king Dhritarashtra, O Janamejaya"
3.229,3.238,Ghosha-yatra Parva,0.33,,"Vaisampayana said, ""King Duryodhana then moving from forest to forest,"
3.230,3.239,Ghosha-yatra Parva,0.54,,"Vaisampayana said, ""Those soldiers then, O king, all went back to Dury"
3.231,3.240,Ghosha-yatra Parva,0.36,,"Vaisampayana said, ""After that great warrior Karna had been routed by "
3.232,3.241,Ghosha-yatra Parva,0.37,,"""Yudhishthira said, 'O child, why dost thou use language such as this,"
3.233,3.242,Ghosha-yatra Parva,0.34,,"Vaisampayana said, ""Hearing the words of Yudhishthira, those bulls amo"
3.234,3.243,Ghosha-yatra Parva,0.45,,"Vaisampayana said, ""Then those Gandharvas decked in golden garlands an"
3.235,3.244,Ghosha-yatra Parva,0.59,,"Vaisampayana said, ""Then that mighty bowman of blazing splendour, Arju"
3.236,3.245,Ghosha-yatra Parva,0.20,,"Janamejaya said, ""After his defeat and capture by the foe and his subs"
3.237,3.246,Ghosha-yatra Parva,0.41,,"""Duryodhana said, 'O Radheya, thou knowest not what hath happened. The"
3.238,3.247;3.248,Ghosha-yatra Parva,0.28,,"Duryodhana said, ""That slayer of hostile heroes, Arjuna, then approach"
3.239,3.249,Ghosha-yatra Parva,0.29,,"Vaisampayana said, ""Beholding king Duryodhana, incapable of putting up"
3.240,3.250,Ghosha-yatra Parva,0.56,,"""The Danavas said, 'O Suyodhana, O great king? O perpetuator of the ra"
3.241,3.251;3.252;3.253,Ghosha-yatra Parva,0.39,,"Janamejaya said, ""When the high-souled sons of Pritha were living in t"
3.242,3.254,Ghosha-yatra Parva,0.47,,"Vaisampayana continued, ""Then all the artisans, the principal counsell"
3.243,3.255,Ghosha-yatra Parva,0.50,,"Vaisampayana said, ""While, O great king, Duryodhana was entering (the "
3.244,3.256,Ghosha-yatra Parva,0.37,,"Janamejaya said, 'After having delivered Duryodhana, what did the migh"
3.245,3.257,Ghosha-yatra Parva,0.39,,"Vaisampayana continued, ""Dwelling in the woods, O bull of the Bharata "
3.246,3.258;3.259;3.260,Ghosha-yatra Parva,0.43,,"Yudhishthira said, ""Why did that high-souled one give away a drona of "
3.247,3.261,Draupadi-harana Parva,0.05,,"Vaisampayana said, ""One day, having previously ascertained that the Pa"
3.248,3.262,Draupadi-harana Parva,0.44,,"Vaisampayana said, ""These great warriors of the race of Bharata sojour"
3.249,3.263,Draupadi-harana Parva,0.54,,"Kotika said, ""Excellent lady, who art thou that standest alone, leanin"
3.250,3.264,Draupadi-harana Parva,0.40,,"Vaisampayana continued, ""The princess Draupadi, thus questioned by tha"
3.251,3.265,Draupadi-harana Parva,0.42,,"Vaisampayana said, ""O Bharata, Kotikakhya related to those princes who"
3.252,3.266,Draupadi-harana Parva,0.53,,"Vaisampayana said, ""The daughter of Drupada, though naturally handsome"
3.253,3.267,Draupadi-harana Parva,0.34,,"Vaisampayana said, ""Meanwhile those foremost of bowmen on the face of "
3.254,3.268,Draupadi-harana Parva,0.24,,"Vaisampayana said, ""The hostile Kshatriyas, incensed at sight of Bhima"
3.255,3.269,Draupadi-harana Parva,0.54,,"Vaisampayana said, ""Meanwhile, the king of Sindhu was giving orders to"
3.256,3.270,Draupadi-harana Parva,0.18,,"Vaisampayana said, ""Jayadratha flying for his life upon beholding thos"
3.257,3.271,Draupadi-harana Parva,0.29,,"Janamejaya said, ""What did those tigers among men, the Pandavas, do, a"
3.258,3.272,Draupadi-harana Parva,0.65,,"""Markandeya said, 'O bull of the Bharata race, even Rama suffered unpa"
3.259,3.273,Draupadi-harana Parva,0.63,,"Markandeya said, ""The Muni named Visrava, who was begotten of half the"
3.260,3.274,Draupadi-harana Parva,0.55,,"""Markandeya said, 'Then the Brahmarshis, the Siddhas and the Devarshis"
3.261,3.275,Draupadi-harana Parva,0.60,,"""Yudhishthira said, 'O adorable one, thou hast described to me in deta"
3.262,3.276,Draupadi-harana Parva,0.58,,"""Markandeya said, 'Beholding Ravana come, Maricha received him with a "
3.263,3.277,Draupadi-harana Parva,0.55,,"""Markandeya said, 'That heroic king of the vultures, Jatayu, having Sa"
3.264,3.278,Draupadi-harana Parva,0.54,,"""Markandeya said, 'Afflicted with grief at the abduction of Sita, Rama"
3.265,3.279,Draupadi-harana Parva,0.32,,"""Markandeya said, 'And while the chaste Sita was dwelling there afflic"
3.266,3.280,Draupadi-harana Parva,0.56,,"""Markandeya said, 'Meanwhile the illustrious descendant of Raghu, alon"
3.267,3.281,Draupadi-harana Parva,0.32,,"""Markandeya said, 'It was on the breast of that very hill where Rama w"
3.268,3.282,Draupadi-harana Parva,0.48,,"""Markandeya said, 'Having quartered his army in those groves abounding"
3.269,3.283,Draupadi-harana Parva,0.52,,"""Markandeya said, 'And while those troops (thus withdrawn) were reposi"
3.270,3.284,Draupadi-harana Parva,0.71,,"""Markandeya said, ""Then Prahasta, suddenly advancing up to Vibhishana "
3.271,3.285,Draupadi-harana Parva,0.60,,"""Markandeya said, ""Then Kumbhakarna set out from the city, accompanied"
3.272,3.286,Draupadi-harana Parva,0.61,,"""Markandeya said, 'Learning that Kumbhakarna had with his followers, f"
3.273,3.287,Draupadi-harana Parva,0.62,,"""Markandeya said, 'Beholding both the brothers Rama and Lakshmana pros"
3.274,3.288,Draupadi-harana Parva,0.53,,"""Markandeya said, The Ten-necked (Ravana), excited to fury at the deat"
3.275,3.289,Draupadi-harana Parva,0.47,,"""Markandeya said, 'Having slain Ravana, that wretched king of the Raks"
3.276,3.290,Draupadi-harana Parva,0.40,,"""Markandeya said, 'It was thus, O mighty-armed one, that Rama of immea"
3.277,3.291,Pativrata-mahatmya Parva,0.25,,"""Yudhishthira said, 'O mighty sage, I do not so much grieve for myself"
3.278,3.292,Pativrata-mahatmya Parva,0.53,,"""Markandeya continued, 'On one occasion, O Bharata, when that king, th"
3.279,3.293,Pativrata-mahatmya Parva,0.58,,"""Markandeya said, 'Having pondered over these words (of Narada) about "
3.280,3.294,Pativrata-mahatmya Parva,0.56,,"""Markandeya said, 'At length, O king, after a long time had passed awa"
3.281,3.295,Pativrata-mahatmya Parva,0.46,,"""Markandeya said, The powerful Satyavan then, accompanied by his wife,"
3.282,3.296,Pativrata-mahatmya Parva,0.54,,"""Markandeya said, 'Meanwhile the mighty Dyumatsena, having regained hi"
3.283,3.297,Pativrata-mahatmya Parva,0.38,,"""Markandeya continued, 'When the night had passed away, and the solar "
3.284,3.298,Pativrata-mahatmya Parva,0.23,,"Janamejaya said,--""What, O Brahmana, was that great fear entertained b"
3.285,3.299,Pativrata-mahatmya Parva,0.23,,"""Surya said, 'Never do, O Karna, anything that is harmful to thy self "
3.286,3.300,Pativrata-mahatmya Parva,0.42,,"""Karna said, 'As thou, O lord of splendour, knowest me for thy worship"
3.287,3.301,Pativrata-mahatmya Parva,0.51,,"Janamejaya said, ""What was that secret which was not revealed to Karna"
3.288,3.302,Pativrata-mahatmya Parva,0.23,,"""Kunti said, 'According to thy promise, I will, O king, with concentra"
3.289,3.303,Pativrata-mahatmya Parva,0.32,,"Vaisampayana said, ""And that maiden of rigid vows. O mighty monarch, b"
3.290,3.304,Pativrata-mahatmya Parva,0.19,,"Vaisampayana said, ""When that foremost of Brahmanas had gone away on s"
3.291,3.305,Pativrata-mahatmya Parva,0.38,,"Vaisampayana said, ""Although that noble girl addressed him in various "
3.292,3.306,Pativrata-mahatmya Parva,0.42,,"Vaisampayana said, ""It was, O lord of earth, on the first day of the l"
3.293,3.307,Pativrata-mahatmya Parva,0.58,,"Vaisampayana said, ""And it came to pass that at this time a Suta named"
3.294,3.308,Pativrata-mahatmya Parva,0.32,,"Vaisampayana said, ""And when the king of the celestials presented hims"
3.295,3.309,Aranya Parva,0.41,,"Janamejaya said, ""Having felt great affliction on account of the abduc"
3.296,3.310,Aranya Parva,0.49,,"Yudhishthira said, ""There is no limit to calamities. Nor is it possibl"
3.297,3.311,Aranya Parva,0.31,,"Vaisampayana said, ""Yudhishthira saw his brothers, each possessed of t"
3.298,3.312,Aranya Parva,0.34,,"Vaisampayana continued,--""Then agreeable to the words of the Yaksha th"
3.299,3.313,Aranya Parva,0.30,,"Vaisampayana continued,--""Commanded by the Lord of justice to thus spe"
4.1,4.1,Pandava-Pravesa Parva,0.28,,"OM! Having bowed down to Narayana, and Nara, the most exalted of male "
4.2,4.2,Pandava-Pravesa Parva,0.24,,"Bhima said, ""I intend to present myself before the lord of Virata as a"
4.3,4.3,Pandava-Pravesa Parva,0.24,,"Yudhishthira said, ""Tender, possessed of a graceful presence, and dese"
4.4,4.4,Pandava-Pravesa Parva,0.35,,"Yudhishthira said, ""Ye have already said what offices ye will respecti"
4.5,4.5;4.6,Pandava-Pravesa Parva,0.27,,"Vaisampayana said, ""Girding their waists with swords, and equipped wit"
4.6,4.7,Pandava-Pravesa Parva,0.11,,"Vaisampayana said, ""Then tying up in his cloth dice made of gold and s"
4.7,4.8,Pandava-Pravesa Parva,0.04,,"Vaisampayana said, ""Then another endued with the dreadful strength and"
4.8,4.9,Pandava-Pravesa Parva,0.38,,"Vaisampayana said, ""Binding her black, soft, fine, long and faultless "
4.9,4.10,Pandava-Pravesa Parva,0.29,,"""Vaisampayana said, 'Then clad in a cowherd's dress, and speaking the "
4.10,4.11,Pandava-Pravesa Parva,0.04,,"""Vaisampayana said, 'Next appeared at the gate of the ramparts another"
4.11,4.12,Pandava-Pravesa Parva,0.16,,"""Vaisampayana said, 'After a while, another powerful son of Pandu was "
4.12,4.13,Samayapalana Parva,0.15,,"""Janamejaya said, 'While living thus disguised in the city of the Mats"
4.13,4.14,Kichaka-badha Parva,0.17,,"""Vaisampayana said, 'Living in such disguise, those mighty warriors, t"
4.14,4.15,Kichaka-badha Parva,0.29,,"""Vaisampayana said, 'Rejected thus by the princess, Kichaka, afflicted"
4.15,4.16,Kichaka-badha Parva,0.32,,"""Kichaka said, 'O thou of tresses ending in beautiful curls, thou art "
4.16,4.17,Kichaka-badha Parva,0.43,,"""Vaisampayana said, 'Thus insulted by the Suta's son, that illustrious"
4.17,4.18,Kichaka-badha Parva,0.08,,"""Draupadi said, 'What grief hath she not who hath Yudhishthira for her"
4.18,4.19,Kichaka-badha Parva,0.23,,"""Draupadi said, 'This O Bharata, that I am going to tell thee is anoth"
4.19,4.20,Kichaka-badha Parva,0.17,,"""Draupadi said, 'Alas, on account of that desperate gambler, I am now "
4.20,4.21,Kichaka-badha Parva,0.39,,"""Bhima said, 'Fie on the might of my arms and fie on the Gandiva of Fa"
4.21,4.22,Kichaka-badha Parva,0.31,,"""Bhima said, 'I will, O timid one, do even as thou sayest. I will pres"
4.22,4.22,Kichaka-badha Parva,0.36,,"""Vaisampayana said, 'Then all the relatives of Kichaka, arriving at th"
4.23,4.24,Kichaka-badha Parva,0.29,,"""Vaisampayana said, 'And beholding the Sutas slain, the citizens went "
4.24,4.25,Kichaka-badha Parva,0.29,,"""Vaisampayana said, 'At the slaughter of Kichaka and brothers, people,"
4.25,4.26,Go-harana Parva,0.05,,"""Vaisampayana said, 'Having listened to these words of his spies, king"
4.26,4.27,Go-harana Parva,0.07,,"""Vaisampayana said, ""Endued with mighty energy and possessed of great "
4.27,4.28,Go-harana Parva,0.10,,"""Vaisampayana said, 'Then that grandsire of the Bharatas, Bhishma the "
4.28,4.29,Go-harana Parva,0.09,,"""Vaisampayana said, 'Then Saradwata's son, Kripa said, 'What the aged "
4.29,4.30,Go-harana Parva,0.33,,"""Vaisampayana said, 'Discomfited before, O monarch, many a time and of"
4.30,4.31,Go-harana Parva,0.32,,"""Vaisampayana said, 'O mighty king, entering into king Virata's servic"
4.31,4.32,Go-harana Parva,0.39,,"""Vaisampayana said, 'Marching out of the city, those heroic smiters th"
4.32,4.33;4.34,Go-harana Parva,0.35,,"""Vaisampayana said, 'Then, O Bharata, when the world was enveloped in "
4.33,4.35,Go-harana Parva,0.17,,"""Vaisampayana said, 'When the king of the Matsyas, anxious of recoveri"
4.34,4.36,Go-harana Parva,0.21,,"""Uttara said, 'Firm as I am in the use of the bow, I would set out thi"
4.35,4.37,Go-harana Parva,0.08,,"""Vaisampayana said, 'Thus despatched by her elder brother, the far-fam"
4.36,4.38,Go-harana Parva,0.19,,"'Vaisampayana said, 'Having issued forth from the city, the dauntless "
4.37,4.39,Go-harana Parva,0.11,,"""Vaisampayana said, 'Beholding that bull among men seated on the car i"
4.38,4.40;4.41;4.42;4.43,Go-harana Parva,0.36,,"""Vaisampayana said, 'Having reached that Sami tree, and having ascerta"
4.39,4.44,Go-harana Parva,0.44,,"""Uttara said, 'Indeed, these weapons adorned with gold, belonging to t"
4.40,4.45,Go-harana Parva,0.20,,"""Uttara said, 'O hero, mounting on this large car with myself as drive"
4.41,4.46,Go-harana Parva,0.29,,"""Vaisampayana said, 'Making Uttara his charioteer, and circumambulatin"
4.42,4.47,Go-harana Parva,0.20,,"""Vaisampayana said, 'King Duryodhana then, on the field of battle said"
4.43,4.48,Go-harana Parva,0.05,,"""Karna said, 'I behold all these blessed ones, looking as if alarmed a"
4.44,4.49,Go-harana Parva,0.28,,"""Kripa said, 'O Radheya, thy crooked heart always inclineth to war. Th"
4.45,4.50,Go-harana Parva,0.36,,"""Aswatthaman said, 'The kine, O Karna, have not yet been won, nor have"
4.46,4.51,Go-harana Parva,0.23,,"""Bhishma said, 'Drona's son observeth well, and Kripa, too observeth r"
4.47,4.52,Go-harana Parva,0.26,,"""Bhishma said, 'The wheel of time revolves with its divisions, viz., w"
4.48,4.53,Go-harana Parva,0.27,,"""Vaisampayana said, 'After the Kauravas, O Bharata, had taken their st"
4.49,4.54,Go-harana Parva,0.34,,"""Vaisampayana said, 'Having disorganised the hostile host by force and"
4.50,4.55,Go-harana Parva,0.09,,"""Vaisampayana said, 'After the son of Radha had fled from the field, o"
4.51,4.56,Go-harana Parva,0.38,,"""Vaisampayana said, 'And the ranks of those fierce bowmen, the Kurus, "
4.52,4.57,Go-harana Parva,0.37,,"""Vaisampayana said, 'Beholding the army of the Kurus arrayed in order "
4.53,4.58,Go-harana Parva,0.27,,"""Vaisampayana said, 'After Kripa had thus been taken away, the invinci"
4.54,4.59,Go-harana Parva,0.13,,"""Vaisampayana said, 'Then, O mighty king, Drona's son rushed to an enc"
4.55,4.60,Go-harana Parva,0.17,,"""Arjuna said, 'The time, O Karna, hath now come for making good thy lo"
4.56,4.61,Go-harana Parva,0.34,,"""Vaisampayana said, 'Having defeated Vikartana's son, Arjuna said unto"
4.57,4.62,Go-harana Parva,0.17,,"""Vaisampayana said, 'Then, O thou of the Bharata race, all the great c"
4.58,4.62,Go-harana Parva,0.11,merged,"""Vaisampayana said, 'Then, O thou of the Bharata race, all the great c"
4.59,4.63,Go-harana Parva,0.21,,"""Vaisampayana said, 'Then while a great havoc was being made among the"
4.60,4.64,Go-harana Parva,0.32,,"""Vaisampayana said, 'After Bhishma had fled, leaving the van of battle"
4.61,4.65,Go-harana Parva,0.28,,"""Vaisampayana said, 'Thus summoned to battle by the illustrious hero, "
4.62,4.66,Go-harana Parva,0.07,,"""Vaisampayana said, 'Having vanquished the Kurus in battle, that one w"
4.63,4.67,Go-harana Parva,0.15,,"""Vaisampayana said, 'Having speedily recovered his wealth Virata ownin"
4.64,4.68;4.69,Go-harana Parva,0.18,,"""Vaisampayana said, 'Then Bhuminjaya, the eldest son of the king, ente"
4.65,4.70,Go-harana Parva,0.12,,"""Vaisampayana said, 'Then, on the third day, attired in white robes af"
4.66,4.71,Go-harana Parva,0.28,,"""Virata said, 'If this one, indeed, be the Kuru king Yudhisthira the s"
4.67,4.72,Go-harana Parva,0.48,,"""Virata said, 'Why, O best among the Pandavas, dost thou not wish to a"
5.1,5.1,,0.25,,"OM! HAVING BOWED down to Narayana, and Nara the most exalted of male b"
5.2,5.2,,0.52,,"""Baladeva said, 'You have all listened to the speech of him who is the"
5.3,5.3,,0.28,,"""Satyaki said, 'Even as a man's heart is, so doth he speak! Thou art s"
5.4,5.4,,0.51,,"""Drupada said, 'O mighty-armed one, it will, without doubt, be even as"
5.5,5.5,,0.40,,"""Krishna said, 'These worlds are worthy of the chief of the Somaka tri"
5.6,5.6,,0.30,,"""Drupada said, 'Of beings those that are endowed with life are superio"
5.7,5.7,,0.41,,"""Vaisampayana said, 'Having despatched the priest to the city called a"
5.8,5.8,,0.39,,"""Vaisampayana said, 'O king, having learnt the news from the messenger"
5.9,5.9,,0.31,,"""Yudhishthira said, 'O foremost of monarchs, I wish to know how it was"
5.10,5.10,,0.34,,"""Indra said, This whole indestructible universe, O gods, hath been per"
5.11,5.11,,0.29,,"""Salya said, 'Then all the Rishis and the superior gods said, ""Let the"
5.12,5.12,,0.26,,"""Salya said, 'Seeing Nahusha enraged, the gods led by the saints spoke"
5.13,5.13,,0.26,,"""Salya said, 'Now then Nahusha, the king of the gods, looked at her an"
5.14,5.14,,0.20,,"""Salya said, 'Then the goddess of Divination stood near that chaste an"
5.15,5.15,,0.19,,"""Salya said, 'Thus addressed by Sachi, the illustrious god said to her"
5.16,5.16,,0.22,,"""Vrihaspati said, 'Thou art the mouth, O Agni, of all the gods. Thou a"
5.17,5.17,,0.48,,"""Salya said, 'Now when the great Indra, the intelligent chief of the g"
5.18,5.18,,0.64,,"""Salya said, ""Then Indra, glorified by the bands of Gandharvas and cel"
5.19,5.19,,0.52,,"""Vaisampayana said, 'Then Yuyudhana, the great hero of the Satwata rac"
5.20,5.20,,0.24,,"""Vaisampayana said, 'Then Drupada's priest, having approached the Kaur"
5.21,5.21,,0.24,,"""Vaisampayana said, 'Having heard his words, Bhishma, senior in wisdom"
5.22,5.22,,0.44,,"""Dhritarashtra said, 'They say, O Sanjaya, that the Pandavas have arri"
5.23,5.23,,0.41,,"""Vaisampayana said, 'Having beard these words of king Dhritarashtra Sa"
5.24,5.24,,0.21,,"""Sanjaya said, 'It is even so as thou hast said, O son of Pandu! Dost "
5.25,5.25,,0.30,,"""Yudhishthira said, 'Here are met the Pandavas and the Srinjayas, and "
5.26,5.26,,0.17,,"""Yudhishthira said, 'What words from me, O Sanjaya, hast thou heard, i"
5.27,5.27,,0.14,,"""Sanjaya said, 'O Pandava, the world hath heard thy conduct being righ"
5.28,5.28,,0.18,,"""Yudhishthira said, 'Without doubt, O Sanjaya, it is true that righteo"
5.29,5.29,,0.20,,"""Krishna said, 'I desire, O Sanjaya, that the sons of Pandu may not be"
5.30,5.30,,0.27,,"""Sanjaya said, 'I did thee farewell, O divine ruler of men. I will now"
5.31,5.31,,0.18,,"""Yudhishthira said, 'O Sanjaya, the righteous and the unrighteous, the"
5.32,5.32,,0.22,,"""Vaisampayana said, 'Dismissed with salutation by the Pandavas, Sanjay"
5.33,5.33,,0.11,,"""Vaisampayana said, 'King Dhritarashtra endued with great wisdom (then"
5.34,5.34,,0.02,,"""Dhritarashtra said, 'Tell me what may be done by a person that is sle"
5.35,5.35,,0.36,,"""Dhritarashtra said, 'O thou of great intelligence, tell me again word"
5.36,5.36,,0.17,,"""Vidura said, 'In this connection is cited the old story of the discou"
5.37,5.37,,0.12,,"""Vidura said, 'O son of Vichitravirya, Manu, the son of the Self-creat"
5.38,5.38,,0.11,,"""Vidura said, 'The heart of a young man, when an aged and venerable pe"
5.39,5.39,,0.06,,"""Dhritarashtra said, 'Man is not the disposer of either his prosperity"
5.40,5.40,,0.15,,"""Vidura said, 'Worshipped by the good and abandoning pride, that good "
5.41,5.41,Sanat-sujata Parva,0.38,,"""Dhritarashtra said, 'If there is anything still left unsaid by thee, "
5.42,5.42,Sanat-sujata Parva,0.11,,"""Vaisampayana said, 'Then the illustrious and wise king Dhritarashtra,"
5.43,5.43,Sanat-sujata Parva,0.12,,"""Dhritarashtra said, 'What is the object of asceticism (mauna)? Of the"
5.44,5.44,Sanat-sujata Parva,0.19,,"""Dhritarashtra said, 'Excellent, O Sanat-sujata, as this thy discourse"
5.45,5.45;5.46,Sanat-sujata Parva,0.16,,"""Sanat-sujata said, 'Sorrow, anger, covetousness, lust, ignorance, laz"
5.46,5.47,Sanat-sujata Parva,0.28,,"""Vaisampayana said, 'Thus conversing with Sanat-sujata and the learned"
5.47,5.48,Sanat-sujata Parva,0.41,,"""Dhritarashtra said, ""I ask thee, O Sanjaya, in the presence of my boy"
5.48,5.49,Sanat-sujata Parva,0.44,,"""Vaisampayana said, 'In the midst, O Bharata, of all those assembled k"
5.49,5.50,Sanat-sujata Parva,0.44,,"""Dhritarashtra said, 'What did that Pandava king, the son of Dharma, s"
5.50,5.51,Sanat-sujata Parva,0.23,,"""Dhritarashtra said, 'All these named by thee are, indeed, endued with"
5.51,5.52,Sanat-sujata Parva,0.19,,"""Dhritarashtra said, 'He whom we have never heard to speak a falsehood"
5.52,5.53,Sanat-sujata Parva,0.28,,"""Dhritarashtra said, 'Endued with great prowess and eager for victory,"
5.53,5.54,Sanat-sujata Parva,0.37,,"""Sanjaya said, It is even so, O great king, as thou, O Bharata, sayest"
5.54,5.55,Sanat-sujata Parva,0.48,,"""Duryodhana said, 'Fear not, O king. Nor shouldest thou grieve for us."
5.55,5.56,Sanat-sujata Parva,0.15,,"""Duryodhana said, 'Having obtained, O Sanjaya, an army numbering seven"
5.56,5.57,Sanat-sujata Parva,0.51,,"""Dhritarashtra said, 'Whom hast thou, O Sanjaya, seen to have, from af"
5.57,5.58,Sanat-sujata Parva,0.23,,"""Dhritarashtra said, Yudhishthira the son of Pandu is endued with Ksha"
5.58,5.59,Sanat-sujata Parva,0.37,,"Dhritarashtra said, 'Tell me, O thou of great wisdom, what high-souled"
5.59,5.60,Sanat-sujata Parva,0.30,,"""Vaisampayana said, 'Having heard these words of Sanjaya, the monarch "
5.60,5.61,Sanat-sujata Parva,0.34,,"""Vaisampayana said, 'Hearing these words of his father, the passionate"
5.61,5.62;5.63,Sanat-sujata Parva,0.22,,"""Vaisampayana said, 'Without much minding Dhritarashtra, the son of Vi"
5.62,5.64,Sanat-sujata Parva,0.16,,"""Vidura said, 'We have heard, O sire, from old men, that once on a tim"
5.63,5.65,Sanat-sujata Parva,0.37,,"""Dhritarashtra said, 'Consider, O Duryodhana, O dear son, what I tell "
5.64,5.66,Sanat-sujata Parva,0.46,,"""Vaisampayana said, 'Having addressed Suyodhana thus, the highly bless"
5.65,5.67,Sanat-sujata Parva,0.36,,"""Vaisampayana said, 'When Duryodhana, the son of Dhritarashtra, showed"
5.66,5.68,Sanat-sujata Parva,0.29,,"""Sanjaya said, 'Those adorable bowmen, Arjuna and Vasudeva, who are pe"
5.67,5.69,Sanat-sujata Parva,0.23,,"""Dhritarashtra said, 'How hast thou, O Sanjaya, been able to know Madh"
5.68,5.70,Sanat-sujata Parva,0.53,,"""Dhritarashtra said, 'I request thee, O Sanjaya, to tell me again of t"
5.69,5.71,Sanat-sujata Parva,0.20,,"""Dhritarashtra said, 'O Sanjaya, I envy those gifted with sight, who w"
5.70,5.72,Bhagwat Yana Parva,0.29,,"""Janamejaya said, 'When good Sanjaya (leaving the Pandava camp) went b"
5.71,5.73,Bhagwat Yana Parva,0.15,,"""The holy one said, 'I have heard Sanjaya's words and now I have heard"
5.72,5.74,Bhagwat Yana Parva,0.54,,"""Bhima said, 'Speak thou, O slayer of Madhu, in such a strain that the"
5.73,5.75,Bhagwat Yana Parva,0.08,,"""Vaisampayana said, 'Hearing these words from Bhima, that were fraught"
5.74,5.76,Bhagwat Yana Parva,0.17,,"""Vaisampayana said, 'Thus addressed by Vasudeva, the ever-wrathful Bhi"
5.75,5.77,Bhagwat Yana Parva,0.02,,"""The holy one said, It was only through affection that I said all this"
5.76,5.78,Bhagwat Yana Parva,0.25,,"""Arjuna said, 'O Janardana, Yudhishthira hath already said what should"
5.77,5.79,Bhagwat Yana Parva,0.15,,"""The holy one said, 'It shall be, O thou of mighty arms, what thou, O "
5.78,5.80,Bhagwat Yana Parva,0.30,,"""Nakula said, 'Much hath been said, O Madhava, by king Yudhishthira th"
5.79,5.81,Bhagwat Yana Parva,0.30,,"""Sahadeva said, 'What hath been said by the king is, indeed, eternal v"
5.80,5.82,Bhagwat Yana Parva,0.43,,"""Vaisampayana said, 'Hearing the peaceful words of the king that were "
5.81,5.83,Bhagwat Yana Parva,0.35,,"""Arjuna said, 'Thou art now, O Kesava, the best friend of all the Kuru"
5.82,5.84,Bhagwat Yana Parva,0.26,,"""Vaisampayana said, 'O smiter of foes, when Devaki's son of mighty arm"
5.83,5.85,Bhagwat Yana Parva,0.28,,"""Vaisampayana said, 'Meanwhile, understanding from his spies that the "
5.84,5.86,Bhagwat Yana Parva,0.44,,"""Dhritarashtra said, 'O Vidura, Janardana hath set out from Upaplavya."
5.85,5.87,Bhagwat Yana Parva,0.33,,"""Vidura said, 'O monarch, O best of men, thou art respected by three w"
5.86,5.88,Bhagwat Yana Parva,0.36,,"""Duryodhana said, 'All that Vidura hath said about Krishna, hath indee"
5.87,5.89,Bhagwat Yana Parva,0.55,,"""Vaisampayana said, 'Rising up (from his bed) at day-dawn, Krishna wen"
5.88,5.90,Bhagwat Yana Parva,0.35,,"""Vaisampayana said, 'Janardana, the chastiser of foes, after his meeti"
5.89,5.91,Bhagwat Yana Parva,0.45,,"""Vaisampayana said, 'With Pritha's leave and having walked round her, "
5.90,5.92,Bhagwat Yana Parva,0.15,,"""Vaisampayana said, 'After Kesava had dined and been refreshed, Vidura"
5.91,5.93,Bhagwat Yana Parva,0.18,,"""The holy one said, 'That, indeed, which should be said by a person of"
5.92,5.94,Bhagwat Yana Parva,0.44,,"""Vaisampayana said, 'In such conversation between those two distinguis"
5.93,5.95,Bhagwat Yana Parva,0.25,,"""Vaisampayana said, 'And after all the kings had been seated and perfe"
5.94,5.96,Bhagwat Yana Parva,0.36,,"""Vaisampayana said, 'Hearing these words uttered by the high-souled Ke"
5.95,5.97,Bhagwat Yana Parva,0.47,,"""Vaisampayana said, 'Having listened to the words of Jamadagnya, the i"
5.96,5.98,Bhagwat Yana Parva,0.39,,"""Kanwa said, 'When Matali was wending his way, he saw the great Rishi "
5.97,5.99,Bhagwat Yana Parva,0.32,,"""Narada continued, 'Here in the very centre of the world of the Nagas "
5.98,5.100,Bhagwat Yana Parva,0.61,,"""Narada continued, 'Here is that spacious and celebrated city of citie"
5.99,5.101,Bhagwat Yana Parva,0.51,,"""Narada said, 'This region belongeth to the birds, all of whom possess"
5.100,5.102,Bhagwat Yana Parva,0.51,,"""Narada said, 'The region where we now are is called Rasatala and is t"
5.101,5.103,Bhagwat Yana Parva,0.66,,"""Narada said, 'This foremost of cities that thou beholdest and which r"
5.102,5.104,Bhagwat Yana Parva,0.66,,"""Narada then said, 'This one is the charioteer of the name of Matali. "
5.103,5.105,Bhagwat Yana Parva,0.42,,"""Kanwa said, 'Meanwhile, O Bharata, the mighty Garuda heard what had h"
5.104,5.106,Bhagwat Yana Parva,0.53,,"""Janamejaya said, 'Interminably wedded to evil, blinded by avarice, ad"
5.105,5.107,Bhagwat Yana Parva,0.27,,"""Narada said, 'Thus addressed by Viswamitra of great intelligence Gala"
5.106,5.108,Bhagwat Yana Parva,0.25,,"""Garuda said, 'O Galava, commanded I have been by God, who is the caus"
5.107,5.109,Bhagwat Yana Parva,0.51,,"""Garuda continued, 'In days of yore, Vivaswat, having performed a sacr"
5.108,5.110,Bhagwat Yana Parva,0.42,,"""Garuda said, 'This quarter is the favourite one of king Varuna, the r"
5.109,5.111,Bhagwat Yana Parva,0.44,,"""Garuda said, 'O Brahmanas, since this quarter saveth from sin, and si"
5.110,5.112,Bhagwat Yana Parva,0.42,,"""Galava said, 'O Garuda, O slayer of foremost snakes, O thou of beauti"
5.111,5.113,Bhagwat Yana Parva,0.27,,"""Narada said, 'Alighting then on the peak of the Rishabha, the Brahman"
5.112,5.114,Bhagwat Yana Parva,0.34,,"""Narada said, 'Garuda then, that foremost of winged beings, addressed "
5.113,5.115,Bhagwat Yana Parva,0.41,,"""Narada said, 'Thus addressed by Suparna in excellent words fraught wi"
5.114,5.116,Bhagwat Yana Parva,0.39,,"""Narada said, 'That best of monarchs, king Haryyaswa, after reflecting"
5.115,5.117,Bhagwat Yana Parva,0.48,,"""Narada said, 'Galava then, addressing Madhavi, said, The ruler of the"
5.116,5.118,Bhagwat Yana Parva,0.54,,"""Narada said, 'The illustrious Madhavi, faithful to her promise, aband"
5.117,5.119,Bhagwat Yana Parva,0.49,,"""Narada said, 'Seeing Galava, Vinata's son smilingly addressed him, sa"
5.118,5.120,Bhagwat Yana Parva,0.44,,"""Narada said, 'King Yayati then, desirous again of disposing of his da"
5.119,5.121,Bhagwat Yana Parva,0.39,,"""Narada said, 'Removed from his place and pushed away from his seat wi"
5.120,5.122,Bhagwat Yana Parva,0.48,,"""Narada said, 'As soon as that bull among men, king Yayati was recogni"
5.121,5.123,Bhagwat Yana Parva,0.22,,"""Narada said, 'Sent back to heaven by those righteous kings, distingui"
5.122,5.124,Bhagwat Yana Parva,0.22,,"""Dhritarashtra said, 'O holy one, it is even so as thou, O Narada, say"
5.123,5.125,Bhagwat Yana Parva,0.35,,"""Vaisampayana said, 'Hearing, O bull of Bharata's race, these words of"
5.124,5.126,Bhagwat Yana Parva,0.24,,"""Vaisampayana said, 'Hearing these words of Dhritarashtra, both Bhishm"
5.125,5.127,Bhagwat Yana Parva,0.26,,"""Vaisampayana said, 'Hearing in that assembly of the Kurus these words"
5.126,5.128,Bhagwat Yana Parva,0.42,,"""Vaisampayana said, 'Reflecting (for a moment), with eyes red in anger"
5.127,5.129,Bhagwat Yana Parva,0.30,,"""Vaisampayana said, 'Hearing these words of Krishna, king Dhritarashtr"
5.128,5.130,Bhagwat Yana Parva,0.47,,"""Vaisampayana said, 'Disregarding these words of grave import, spoken "
5.129,5.131,Bhagwat Yana Parva,0.41,,"""Vaisampayana said, 'After Vidura had said this, Kesava, that slayer o"
5.130,5.132,Bhagwat Yana Parva,0.51,,"""Vaisampayana said, 'Entering her abode and worshipping her feet, Kesa"
5.131,5.133,Bhagwat Yana Parva,0.15,,"""Kunti said, 'In this connection, O chastiser of foes, is cited an old"
5.132,5.134,Bhagwat Yana Parva,0.31,,"""Vidula said, 'If, having fallen into such a plight, thou wishest to g"
5.133,5.135,Bhagwat Yana Parva,0.06,,"""Kunti said, 'Hearing these words of his mother the son said, O ruthle"
5.134,5.136,Bhagwat Yana Parva,0.11,,"""The mother said, 'Into whatever calamity a king may fail, he should n"
5.135,5.137,Bhagwat Yana Parva,0.26,,"""Kunti said, 'Say unto Arjuna, these words, when thou wert brought for"
5.136,5.138,Bhagwat Yana Parva,0.40,,"""Vaisampayana said, 'Hearing the words of Kunti, the mighty car-warrio"
5.137,5.139,Bhagwat Yana Parva,0.20,,"""Vaisampayana said, 'Thus addressed by them, Duryodhana, contracting t"
5.138,5.140,Bhagwat Yana Parva,0.35,,"""Dhritarashtra said, 'O Sanjaya, in the midst of all the princes and t"
5.139,5.141,Bhagwat Yana Parva,0.33,,"""Karna said, 'Without doubt, O Kesava, thou hast said these words from"
5.140,5.142,Bhagwat Yana Parva,0.60,,"""Sanjaya said, 'Hearing these words of Karna, Kesava, that slayer of h"
5.141,5.143,Bhagwat Yana Parva,0.29,,"""Sanjaya said, 'Hearing these beneficial and auspicious words of Kesav"
5.142,5.144,Bhagwat Yana Parva,0.39,,"""Vaisampayana said, 'Upon the failure of Krishna's solicitations (for "
5.143,5.145,Bhagwat Yana Parva,0.14,,"""Karna said, 'I am Karna, son of Radha and Adhiratha. For what, O lady"
5.144,5.146,Bhagwat Yana Parva,0.36,,"""Vaisampayana said (After Kunti had said this), Karna heard an affecti"
5.145,5.147,Bhagwat Yana Parva,0.51,,"""Vaisampayana said, 'Coming back to Upaplavya from Hastinapura, that c"
5.146,5.148,Bhagwat Yana Parva,0.34,,"""Vasudeva said, 'After Bhishma had said these words, Drona, always com"
5.147,5.149,Bhagwat Yana Parva,0.59,,"""Vasudeva said, 'After Gandhari had said this, that ruler of men, Dhri"
5.148,5.150,Bhagwat Yana Parva,0.23,,"""Vasudeva said, 'Though thus addressed by Bhishma, and Drona, and Vidu"
5.149,5.151;5.152;5.153,Bhagwat Yana Parva,0.32,,"""Vaisampayana said, 'Hearing these words of Janardana, king Yudhishthi"
5.150,5.154,Bhagwat Yana Parva,0.19,,"""Janamejaya said, 'Hearing that Yudhishthira had, with his troops marc"
5.151,5.155,Bhagwat Yana Parva,0.31,,"""Vaisampayana said, 'Recollecting the words spoken by Vasudeva, Yudhis"
5.152,5.156,Bhagwat Yana Parva,0.58,,"""Vaisampayana said, 'After that night had passed away, king Duryodhana"
5.153,5.157,Bhagwat Yana Parva,0.40,,"""Vaisampayana said, Dhritarashtra's son, accompanied by all the kings,"
5.154,5.158,Bhagwat Yana Parva,0.45,,"""Janamejaya said, 'When Yudhishthira heard that Bhishma, the high-soul"
5.155,5.159,Bhagwat Yana Parva,0.60,,"""Vaisampayana said, 'About this time, there came into the Pandava camp"
5.156,5.160,Bhagwat Yana Parva,0.14,,"""Janamejaya said, 'After the soldiers had been arrayed thus in order o"
5.157,5.161,Uluka Dutagamana Parva,0.15,,"""Sanjaya said, 'After the high-souled Pandavas, O king, had encamped b"
5.158,5.162,Uluka Dutagamana Parva,0.32,,"""Sanjaya said, 'Having reached the Pandava camp, the gambler's son (Ul"
5.159,5.163,Uluka Dutagamana Parva,0.34,,"""Sanjaya said, 'O monarch, provoking Arjuna still further who was like"
5.160,5.164,Uluka Dutagamana Parva,0.18,,"""Sanjaya said, 'Having heard those words of Duryodhana, Gudakesha of g"
5.161,5.165,Uluka Dutagamana Parva,0.49,,"'Sanjaya said, 'Having listened to Uluka's words, Yudhishthira, the so"
5.162,5.166,Uluka Dutagamana Parva,0.35,,"""Dhritarashtra said, After Falguni had vowed the slaughter of Bhishma "
5.163,5.167,Uluka Dutagamana Parva,0.36,,"""Bhishma said, 'Sudhakshina, the ruler of the Kamvojas, is in my judgm"
5.164,5.168,Uluka Dutagamana Parva,0.37,,"""Bhishma said, 'This thy maternal uncle Sakuni is, O king, equal to a "
5.165,5.169,Uluka Dutagamana Parva,0.30,,"""Bhishma said, 'Both the brothers Achala and Vrisha are Rathas. Invinc"
5.166,5.170,Uluka Dutagamana Parva,0.28,,"""Bhishma said, 'I have now, O king, indicated who thy Rathas are and w"
5.167,5.171,Uluka Dutagamana Parva,0.46,,"""Bhishma said, 'All the five sons of Draupadi, O monarch, are Maharath"
5.168,5.172,Uluka Dutagamana Parva,0.57,,"""Bhishma said, 'That subjugator of hostile cities, Sikhandin, the son "
5.169,5.173,Uluka Dutagamana Parva,0.33,,"""Bhishma said, 'O great king, Rochamana is another Maharatha of the Pa"
5.170,5.174,Uluka Dutagamana Parva,0.26,,"""Duryodhana said, 'For what reason, O chief of the Bharatas, wilt thou"
5.171,5.175,Uluka Dutagamana Parva,0.52,,"""Bhishma said, 'Then, O chief of the Bharatas, approaching my mother, "
5.172,5.176,Uluka Dutagamana Parva,0.32,,"""Bhishma said, 'I then placed the matter before (my mother) Kali, othe"
5.173,5.177,Uluka Dutagamana Parva,0.28,,"""Bhishma said, 'Issuing out of the city, Amva reflected sorrowfully in"
5.174,5.177,Uluka Dutagamana Parva,0.03,merged,"""Bhishma said, 'Issuing out of the city, Amva reflected sorrowfully in"
5.175,5.178,Uluka Dutagamana Parva,0.47,,"""Bhishma said, 'Those virtuous ascetics then set themselves about thei"
5.176,5.179,Uluka Dutagamana Parva,0.50,,"""Akritavrana said, 'Of these two afflictions of thine, for which, O bl"
5.177,5.180,Uluka Dutagamana Parva,0.56,,"""Bhishma said, 'O lord, repeatedly urged by that maiden to slay Bhishm"
5.178,5.180,Uluka Dutagamana Parva,0.33,merged,"""Bhishma said, 'O lord, repeatedly urged by that maiden to slay Bhishm"
5.179,5.181,Uluka Dutagamana Parva,0.36,,"""Bhishma said, 'After he had quartered there, on third day, O king, Ja"
5.180,5.182,Uluka Dutagamana Parva,0.23,,"""Bhishma said, 'I then smilingly addressed Rama stationed for battle, "
5.181,5.183,Uluka Dutagamana Parva,0.34,,"""Bhishma said, 'After the battle had ceased, my charioteer, well-skill"
5.182,5.184,Uluka Dutagamana Parva,0.10,,"""Bhishma said, 'The next day, O bull of Bharata's race, frightful agai"
5.183,5.185,Uluka Dutagamana Parva,0.13,,"""Bhishma said, 'Next morning, O king, when the sun rose brightly, the "
5.184,5.186,Uluka Dutagamana Parva,0.38,,"""Bhishma said, 'Then, O great king, during the night, having bowed unt"
5.185,5.187,Uluka Dutagamana Parva,0.31,,"""Bhishma said, 'After the night had passed away, I awoke, O Bharata, a"
5.186,5.188,Uluka Dutagamana Parva,0.55,,"""Bhishma said, 'When I had formed this resolution, O king, a din of tu"
5.187,5.189,Uluka Dutagamana Parva,0.36,,"""Rama said, 'O damsel, in the very sight of all these persons, I have "
5.188,5.190,Uluka Dutagamana Parva,0.22,,"""Bhishma said, 'Then all those ascetics (that dwell in Vatsabhumi), be"
5.189,5.191,Uluka Dutagamana Parva,0.34,,"""Duryodhana said, 'Tell me, O grandsire, how Sikhandin, O Ganga's son,"
5.190,5.192,Uluka Dutagamana Parva,0.44,,"""Bhishma said, 'Drupada, O chastiser of foes, bestowed great attention"
5.191,5.193,Uluka Dutagamana Parva,0.22,,"""Bhishma said, 'Thus addressed, O king, by that messenger, king Drupad"
5.192,5.194,Uluka Dutagamana Parva,0.47,,"""Bhishma said. 'Then, O mighty-armed king, Sikhandin's mother represen"
5.193,5.195,Uluka Dutagamana Parva,0.47,,"""Bhishma said, 'Hearing, O bull of Bharata's race, those words of Sikh"
5.194,5.196,Uluka Dutagamana Parva,0.34,,"""Sanjaya said, 'When the night passed away and morning came, thy sons "
5.195,5.197,Uluka Dutagamana Parva,0.24,,"""Vaisampayana said, 'Hearing these words (of the leaders of the Kuru a"
5.196,5.198,Uluka Dutagamana Parva,0.39,,"""Vaisampayana said, 'Next morning, under a cloudless sky, all the king"
5.197,5.199,Uluka Dutagamana Parva,0.41,,"""Vaisampayana said, 'Like Duryodhana, king Yudhishthira also, the son "
6.1,6.1,Jamvu-khanda Nirmana Parva,0.27,,"OM! HAVING BOWED down to Narayana, and Nara, the most exalted of male "
6.2,6.2,Jamvu-khanda Nirmana Parva,0.25,,"Vaisampayana said,--""Seeing then the two armies (standing) on the east"
6.3,6.3,Jamvu-khanda Nirmana Parva,0.15,,"""Vyasa said,--'Asses are taking births in kine. Some are having sexual"
6.4,6.3,Jamvu-khanda Nirmana Parva,0.09,merged,"""Vyasa said,--'Asses are taking births in kine. Some are having sexual"
6.5,6.4,Jamvu-khanda Nirmana Parva,0.28,,"Vaisampayana said,--""Having said these words unto Dhritarashtra, Vyasa"
6.6,6.5,Jamvu-khanda Nirmana Parva,0.32,,"""Dhritarashtra said,--'The names of rivers and mountains, O Sanjaya, a"
6.7,6.6,Jamvu-khanda Nirmana Parva,0.59,,"""Dhritarashtra said.---""Thou art intelligent, O Sanjaya, and acquainte"
6.8,6.7,Jamvu-khanda Nirmana Parva,0.42,,"""Dhritarashtra said,--'Tell me, O Sanjaya, thou of great intelligence,"
6.9,6.8,Jamvu-khanda Nirmana Parva,0.32,,"""Dhritarashtra said,--'Tell me truly, O Sanjaya, the names of all the "
6.10,6.9,Jamvu-khanda Nirmana Parva,0.61,,"""Dhritarashtra said,--'Tell me truly (O Sanjaya) of this Varsha that i"
6.11,6.10,Jamvu-khanda Nirmana Parva,0.63,,"""Dhritarashtra said,--'Tell me, O Sanjaya, of the period of life, the "
6.12,6.11,Bhumi Parva,0.54,,"""Dhritarashtra said,--'Thou hast, O Sanjaya, duly described Jamvukhand"
6.13,6.12,Bhumi Parva,0.47,,"""Sanjaya said, 'O Kauravya, that which is heard about the islands in t"
6.14,6.13,Bhagavat-Gita Parva,0.16,,"Vaisampayana said,--""Possessing a knowledge of the past, the present a"
6.15,6.14,Bhagavat-Gita Parva,0.19,,"""Dhritarashtra said,--'How hath Bhishma, that bull among the Kurus, be"
6.16,6.15;6.16,Bhagavat-Gita Parva,0.25,,"Sanjaya said,--""Deserving as thou art, this question is, indeed, worth"
6.17,6.17,Bhagavat-Gita Parva,0.29,,"Sanjaya said,--""Just as the holy Krishna-Dwaipayana Vyasa had said, in"
6.18,6.18,Bhagavat-Gita Parva,0.30,,"Sanjaya said,--""Soon after, O king, a loud uproar, causing the heart t"
6.19,6.19,Bhagavat-Gita Parva,0.31,,"Dhritarashtra said,--""Beholding our ten and one Akshauhinis arrayed in"
6.20,6.20,Bhagavat-Gita Parva,0.36,,"Dhritarashtra said,--""When the Sun rose, O Sanjaya, of my army led by "
6.21,6.21,Bhagavat-Gita Parva,0.29,,"Sanjaya said,--""Beholding the vast Dhartarashtra army ready for battle"
6.22,6.22,Bhagavat-Gita Parva,0.31,,"Sanjaya said,--""Then, O bull of Bharata's race, king Yudhishthira, dis"
6.23,6.23;6.24;6.25,Bhagavat-Gita Parva,0.29,,"Sanjaya said,--""Beholding the Dhartarashtra army approach for fight, K"
6.24,6.26,Bhagavat-Gita Parva,0.16,,"[(Bhagavad Gita Chapter II)] Sanjaya said,--""Unto him thus possessed w"
6.25,6.27,Bhagavat-Gita Parva,0.09,,"[(Bhagavad Gita Chapter III)] ""Arjuna said,--'If devotion, O Janardana"
6.26,6.28,Bhagavat-Gita Parva,0.27,,"[(Bhagavad Gita Chapter IV)] ""The Holy One said,--'This imperishable ("
6.27,6.29,Bhagavat-Gita Parva,0.28,,"[(Bhagavad Gita Chapter V)] ""Arjuna said,--'Thou applaudest, O Krishna"
6.28,6.30,Bhagavat-Gita Parva,0.04,,"[(Bhagavad Gita Chapter VI)] ""The Holy One said,--'Regardless of fruit"
6.29,6.31,Bhagavat-Gita Parva,0.10,,"[(Bhagavad Gita Chapter VII)] ""The Holy One said, 'Listen, O son of Pr"
6.30,6.32,Bhagavat-Gita Parva,0.18,,"[(Bhagavad Gita Chapter VIII)] ""Arjuna said, 'What is that Brahman, wh"
6.31,6.33,Bhagavat-Gita Parva,0.34,,"[(Bhagavad Gita Chapter IX)] ""The Holy One said, 'Now I will tell thee"
6.32,6.34,Bhagavat-Gita Parva,0.28,,"[(Bhagavad Gita Chapter X)] ""The Holy One said, 'Once more still, O mi"
6.33,6.35,Bhagavat-Gita Parva,0.23,,"[(Bhagavad Gita Chapter XI)] ""Arjuna said,--'This discourse about the "
6.34,6.36,Bhagavat-Gita Parva,0.00,,"[(Bhagavad Gita Chapter XII)] ""Arjuna said, 'Of those worshippers who,"
6.35,6.37,Bhagavat-Gita Parva,0.42,,"[(Bhagavad Gita, Chapter XIII)] ""The Holy One said, 'This body, O son "
6.36,6.38,Bhagavat-Gita Parva,0.04,,"[(Bhagavad Gita Chapter XIV)] ""The Holy One said, 'I will again declar"
6.37,6.39,Bhagavat-Gita Parva,0.21,,"[(Bhagavad Gita Chapter XV)] ""The Holy One said, 'They say that the As"
6.38,6.40,Bhagavat-Gita Parva,0.00,,"[(Bhagavad Gita Chapter XVI)] ""The Holy One said, 'Fearlessness, purit"
6.39,6.41,Bhagavat-Gita Parva,0.12,,"[(Bhagavad Gita, Chapter XVII)] ""Arjuna said, 'What is the state, O Kr"
6.40,6.42,Bhagavat-Gita Parva,0.19,,"[(Bhagavad Gita, Chapter XVIII)] ""Arjuna said, 'Of renunciation, O tho"
6.41,6.43,Bhagavat-Gita Parva,0.28,,"Sanjaya said,--""Beholding Dhananjaya then to take up once again (his) "
6.42,6.44,Bhagavat-Gita Parva,0.27,,"Dhritarashtra said, 'When the divisions of both my side and the foe we"
6.43,6.45,Bhagavat-Gita Parva,0.50,,"Sanjaya said, ""On the forenoon of that awful day, O king, the terrible"
6.44,6.46,Bhagavat-Gita Parva,0.19,,"Sanjaya said,--""O king, I will now describe to thee the combats of hun"
6.45,6.47;6.48;6.49,Bhagavat-Gita Parva,0.27,,"Sanjaya said,--""After the great part of the forenoon of that awful day"
6.46,6.50,Bhagavat-Gita Parva,0.34,,"Sanjaya said, ""When the troops, O bull of Bharata's race, were withdra"
6.47,6.51,Bhagavat-Gita Parva,0.46,,"Sanjaya said, ""Beholding the mighty and terrible array called Krauncha"
6.48,6.52,Bhagavat-Gita Parva,0.32,,"Dhritarashtra said, ""When mine and the hostile hosts were thus formed "
6.49,6.53,Bhagavat-Gita Parva,0.36,,"Dhritarashtra said, ""Tell me, O Sanjaya, how that great bowman Drona a"
6.50,6.54,Bhagavat-Gita Parva,0.44,,"Dhritarashtra said, ""How did the ruler of the Kalingas, that commander"
6.51,6.55,Bhagavat-Gita Parva,0.29,,"Sanjaya said, ""When the forenoon of that day had passed away, O Bharat"
6.52,6.56,Bhagavat-Gita Parva,0.51,,"Sanjaya said,--""When the night having passed away, the dawn came, Sant"
6.53,6.57,Bhagavat-Gita Parva,0.29,,"Sanjaya said, ""After the ranks of thy army and theirs had been dispose"
6.54,6.58,Bhagavat-Gita Parva,0.11,,"Sanjaya said, ""Then those kings, excited with rage, beholding Phalguni"
6.55,6.59,Bhagavat-Gita Parva,0.38,,"Dhritarashtra said, ""After that dreadful vow had been made in battle b"
6.56,6.60,Bhagavat-Gita Parva,0.30,,"Sanjaya said,--""When the night passed away, O Bharata, the high-souled"
6.57,6.61,Bhagavat-Gita Parva,0.57,,"Sanjaya said, ""And Drona's son, and Bhurisravas, and Chitrasena, O sir"
6.58,6.62,Bhagavat-Gita Parva,0.45,,"Dhritarashtra said,--""I regard destiny to be superior to exertion, O S"
6.59,6.63,Bhagavat-Gita Parva,0.30,,"Sanjaya said, ""When that elephant division was exterminated, thy son D"
6.60,6.64,Bhagavat-Gita Parva,0.57,,"Sanjaya said, ""Then, O king, Bhurisravas, excited with great wrath, pi"
6.61,6.65,Bhagavat-Gita Parva,0.16,,"Dhritarashtra said, 'Hearing of those feats of the sons of Pandu which"
6.62,6.66,Bhagavat-Gita Parva,0.21,,"""Bhishma said, 'Then that illustrious Deity, the Lord of the worlds, r"
6.63,6.67,Bhagavat-Gita Parva,0.19,,"""Duryodhana said, 'In all the worlds Vasudeva is spoken of as the Supr"
6.64,6.68,Bhagavat-Gita Parva,0.29,,"""Bhishma said, 'Hear from me, O king, this hymn that was uttered by Br"
6.65,6.69,Bhagavat-Gita Parva,0.41,,"Sanjaya said, ""After the night had passed away and the sun had risen, "
6.66,6.70,Bhagavat-Gita Parva,0.26,,"Sanjaya said, ""Then Bhishma the son of Santanu fought fiercely,[394] d"
6.67,6.71,Bhagavat-Gita Parva,0.29,,"Sanjaya said, ""Beholding his brothers and the other kings engaged in b"
6.68,6.72,Bhagavat-Gita Parva,0.33,,"Sanjaya said, ""Sikhandin with Virata king of the Matsyas speedily appr"
6.69,6.73,Bhagavat-Gita Parva,0.44,,"Sanjaya said, ""King Virata then pierced that mighty car-warrior, viz.,"
6.70,6.74,Bhagavat-Gita Parva,0.37,,"Sanjaya said, ""Then, O king, the mighty-armed Satyaki invincible in ba"
6.71,6.75,Bhagavat-Gita Parva,0.44,,"Sanjaya said, ""Having rested for a while, O king, both the Kurus and t"
6.72,6.76,Bhagavat-Gita Parva,0.08,,"Dhritarashtra said, ""Our army is possessed of many excellencies, consi"
6.73,6.77,Bhagavat-Gita Parva,0.51,,"Sanjaya said, ""Thou hast, O king, in consequence of thy own fault, bee"
6.74,6.78;6.79,Bhagavat-Gita Parva,0.28,,"Sanjaya said, ""Then king Duryodhana, regaining his senses, once more b"
6.75,6.80,Bhagavat-Gita Parva,0.50,,"Sanjaya said, ""Then when the sun assumed a red hue, king Duryodhana, d"
6.76,6.81,Bhagavat-Gita Parva,0.18,,"Sanjaya said, ""Then those heroes, O king, who cherished feelings of ho"
6.77,6.82,Bhagavat-Gita Parva,0.36,,"Sanjaya said, ""O chief of the Bharatas, Ganga's son, once more address"
6.78,6.83,Bhagavat-Gita Parva,0.30,,"Sanjaya said, ""And when the battle was thus raging and after Susarman "
6.79,6.84,Bhagavat-Gita Parva,0.41,,"Dhritarashtra said, ""Many and wonderful, O Sanjaya, were the single co"
6.80,6.85,Bhagavat-Gita Parva,0.48,,"Sanjaya said, ""Then when the sun attained the meridian, king Yudhishth"
6.81,6.86,Bhagavat-Gita Parva,0.37,,"Sanjaya said, ""Then the mighty Dhananjaya, struck with those shafts an"
6.82,6.87,Bhagavat-Gita Parva,0.23,,"Sanjaya said,--""Approaching then thy son Chitrasena of great energy wh"
6.83,6.88,Bhagavat-Gita Parva,0.41,,"Sanjaya said, ""Having passed the night in sound steep, those rulers of"
6.84,6.89,Bhagavat-Gita Parva,0.52,,"Sanjaya said, ""The Pandavas were incapable of even looking at Bhishma "
6.85,6.90,Bhagavat-Gita Parva,0.33,,"Dhritarashtra said, ""Beholding my sons, so many in number, O Sanjaya, "
6.86,6.91,Bhagavat-Gita Parva,0.26,,"Sanjaya said, ""During the progress, O king, of that fierce battle frau"
6.87,6.92,Bhagavat-Gita Parva,0.23,,"Dhritarashtra said, ""Tell me, O Sanjaya, all that the mighty Partha di"
6.88,6.93,Bhagavat-Gita Parva,0.34,,"Sanjaya said,--""That arrowy shower, difficult of being borne by even t"
6.89,6.94,Bhagavat-Gita Parva,0.28,,"Sanjaya said, ""Having in that battle made all those warriors (of thy a"
6.90,6.95,Bhagavat-Gita Parva,0.52,,"Sanjaya said, ""Beholding his own troops slain, king Duryodhana then ex"
6.91,6.96,Bhagavat-Gita Parva,0.47,,"Sanjaya said, ""After that great battle, king Duryodhana, approaching G"
6.92,6.97,Bhagavat-Gita Parva,0.19,,"Sanjaya said, ""Hearing that his son Iravat had been slain, Dhananjaya "
6.93,6.98,Bhagavat-Gita Parva,0.33,,"Sanjaya said, ""Then king Duryodhana, and Sakuni the son of Suvala, and"
6.94,6.99,Bhagavat-Gita Parva,0.34,,"Sanjaya said, ""The high-souled Bhishma, deeply pierced with wordy dagg"
6.95,6.100,Bhagavat-Gita Parva,0.30,,"Sanjaya said, ""Then Bhishma, the son of Santanu, went out with the tro"
6.96,6.101,Bhagavat-Gita Parva,0.22,,"Sanjaya said, ""Then the noble Abhimanyu of great energy, borne by his "
6.97,6.102,Bhagavat-Gita Parva,0.31,,"Dhritarashtra said, ""How, O Sanjaya, did Alamvusha resist in combat th"
6.98,6.103,Bhagavat-Gita Parva,0.44,,"Dhritarashtra said, ""How did those bulls among men, viz., that great b"
6.99,6.104,Bhagavat-Gita Parva,0.27,,"Sanjaya said, ""At mid-day, O king, happened a fierce battle, fraught w"
6.100,6.105,Bhagavat-Gita Parva,0.24,,"Sanjaya said, ""O tiger among men, Arjuna sent those Kshatriyas that fo"
6.101,6.106,Bhagavat-Gita Parva,0.35,,"""Sanjaya said, 'Beholding Bhishma excited with wrath in battle, surrou"
6.102,6.107,Bhagavat-Gita Parva,0.30,,"Sanjaya said, ""Then thy sire, excited with wrath, began to strike the "
6.103,6.108,Bhagavat-Gita Parva,0.22,,"Sanjaya said, ""While they were battling, the Sun set, O Bharata, aid t"
6.104,6.109,Bhagavat-Gita Parva,0.32,,"Dhritarashtra said, ""How did Sikhandin advance against the son of Gang"
6.105,6.110,Bhagavat-Gita Parva,0.22,,"Dhritarashtra said, ""How did Sikhandin the prince of the Panchalas, ex"
6.106,6.111,Bhagavat-Gita Parva,0.34,,"Sanjaya said, ""Arjuna then, O king, beholding the prowess of Bhishma i"
6.107,6.112,Bhagavat-Gita Parva,0.39,,"Sanjaya said, ""The mighty bowman (Alamvusha) the son of Rishyasringa, "
6.108,6.113,Bhagavat-Gita Parva,0.24,,"Sanjaya said, ""The heroic Drona, that great bowman endued with the pro"
6.109,6.114,Bhagavat-Gita Parva,0.48,,"Sanjaya said, ""Hearing these words of the high-souled Drona, Bhagadatt"
6.110,6.115,Bhagavat-Gita Parva,0.40,,"Sanjaya said, ""Arjuna covered with his straight shafts the mighty car-"
6.111,6.116,Bhagavat-Gita Parva,0.35,,"Dhritarashtra said, ""How, O Sanjaya, did Santanu's son Bhishma of migh"
6.112,6.117;6.118,Bhagavat-Gita Parva,0.26,,"Sanjaya said, ""Abhimanyu, O king, displaying his prowess for the sake "
6.113,6.119,Bhagavat-Gita Parva,0.41,,"Sanjaya said, ""When the combatants of both armies, strong in number, w"
6.114,6.120,Bhagavat-Gita Parva,0.23,,"Sanjaya said, ""Thus all the Pandavas, placing Sikhandin before them pi"
6.115,6.121;6.122,Bhagavat-Gita Parva,0.21,,"Dhritarashtra said, 'Alas, what was the state of (my) warriors, O Sanj"
6.116,6.123,Bhagavat-Gita Parva,0.17,,"""Sanjaya said,--'After the night had passed away, O monarch, all the k"
6.117,6.124,Bhagavat-Gita Parva,0.18,,"""Sanjaya said,--'After Santanu's son Bhishma, O monarch, had become si"
7.1,7.1,Dronabhisheka Parva,0.23,,"OM! HAVING BOWED down unto Narayan, and unto that most exalted of male"
7.2,7.2,Dronabhisheka Parva,0.19,,"""Sanjaya said, 'Then Adhiratha's son of the Suta caste, knowing that B"
7.3,7.3,Dronabhisheka Parva,0.36,,"""Sanjaya said, 'Beholding the grandsire, viz., the venerable Bhishma, "
7.4,7.4,Dronabhisheka Parva,0.34,,"""Sanjaya said, 'Unto him who was talking thus, the aged Kuru grandsire"
7.5,7.5;7.6,Dronabhisheka Parva,0.28,,"""Sanjaya said, 'Beholding that tiger among men, viz., Karna, mounted o"
7.6,7.7,Dronabhisheka Parva,0.30,,"""Drona said, 'I know the Vedas with their six branches. I know also th"
7.7,7.8,Dronabhisheka Parva,0.36,,"""Sanjaya said, 'Beholding Drona thus slaying steeds and drivers and ca"
7.8,7.9,Dronabhisheka Parva,0.16,,"""Dhritarashtra said, 'How did the Pandavas and the Srinjayas slay Dron"
7.9,7.10,Dronabhisheka Parva,0.28,,"""Vaisampayana said, 'Having addressed the Suta's son in this way, Dhri"
7.10,7.11,Dronabhisheka Parva,0.49,,"""Dhritarashtra said, 'Hear, O Sanjaya, the celestial feats of Vasudeva"
7.11,7.12,Dronabhisheka Parva,0.16,,"""Sanjaya said, 'Yes, as I saw everything with my own eyes, I will desc"
7.12,7.13,Dronabhisheka Parva,0.16,,"""Sanjaya said, 'After Drona had promised the kings seizure under those"
7.13,7.14,Dronabhisheka Parva,0.39,,"""Sanjaya said, 'Then Drona, causing a great confusion in the Pandava h"
7.14,7.15,Dronabhisheka Parva,0.31,,"""Dhritarashtra said, 'Thou hast, O Sanjaya, described to me many excel"
7.15,7.16,Dronabhisheka Parva,0.47,,"""Sanjaya said, 'Beholding that army of thine exceedingly broken, the v"
7.16,7.17,Dronabhisheka Parva,0.38,,"""Sanjaya said, 'The troops of both the armies, having proceeded to the"
7.17,7.18,Dronabhisheka Parva,0.31,,"""Sanjaya said, 'The Samsaptakas,[32] then, filled with joy, took their"
7.18,7.19,Dronabhisheka Parva,0.48,,"""Sanjaya said, 'Beholding those Samsaptakas once more return to the fi"
7.19,7.20,Dronabhisheka Parva,0.27,,"""Sanjaya said, 'Having passed the night, that mighty car-warrior viz.,"
7.20,7.21,Dronabhisheka Parva,0.52,,"""Sanjaya continued, 'Then Drona, beholding Yudhishthira near him fearl"
7.21,7.22,Dronabhisheka Parva,0.36,,"""Dhritarashtra said, 'When the Pandavas were broken by Bharadwaja's so"
7.22,7.23,Dronabhisheka Parva,0.39,,"""Dhritarashtra said, 'Tell me, O Sanjaya, the distinctive indications "
7.23,7.23,Dronabhisheka Parva,0.08,merged,"""Dhritarashtra said, 'Tell me, O Sanjaya, the distinctive indications "
7.24,7.23,Dronabhisheka Parva,0.36,merged,"""Dhritarashtra said, 'Tell me, O Sanjaya, the distinctive indications "
7.25,7.24,Dronabhisheka Parva,0.43,,"""Dhritarashtra said, 'When the troops were thus engaged and thus proce"
7.26,7.25,Dronabhisheka Parva,0.44,,"""Sanjaya said, 'Thou askest me about the feats of Arjuna in battle. Li"
7.27,7.26,Dronabhisheka Parva,0.46,,"""Sanjaya said, 'At Partha's desire, Krishna then urged his white steed"
7.28,7.27,Dronabhisheka Parva,0.52,,"""Dhritarashtra said, 'Filled with rage, what did Partha, the son of Pa"
7.29,7.28,Dronabhisheka Parva,0.38,,"""Sanjaya said, Having slain Bhagadatta who was ever the favourite and "
7.30,7.29,Dronabhisheka Parva,0.34,,"""Dhritarashtra said, 'When those divisions (of mine), O Sanjaya, were "
7.31,7.30,Dronabhisheka Parva,0.27,,"""Sanjaya said, 'Vrikodara, however, could not brook that slaughter of "
7.32,7.31,Abhimanyu-badha Parva,0.11,,"""Sanjaya said, 'Having been first broken by Arjuna of immeasurable pro"
7.33,7.32,Abhimanyu-badha Parva,0.30,,"""Sanjaya said, 'Of fierce deeds in battle and above all fatigue, as pr"
7.34,7.33,Abhimanyu-badha Parva,0.50,,"""Sanjaya said, 'The Parthas then, headed by Bhimasena, approached that"
7.35,7.34,Abhimanyu-badha Parva,0.24,,"""Sanjaya said, 'Hearing these words of the intelligent Yudhishthira, t"
7.36,7.35,Abhimanyu-badha Parva,0.47,,"""Sanjaya said, 'Beholding his army routed by Subhadra's son of immeasu"
7.37,7.36,Abhimanyu-badha Parva,0.13,,"""Dhritarashtra said, 'While Arjuna's son was thus grinding, by means o"
7.38,7.37,Abhimanyu-badha Parva,0.32,,"""Dhritarashtra said, 'My heart, O Sanjaya, is agitated with different "
7.39,7.38,Abhimanyu-badha Parva,0.34,,"""Sanjaya said, 'Then the intelligent Abhimanyu, with limbs mangled wit"
7.40,7.39,Abhimanyu-badha Parva,0.35,,"""Sanjaya said, 'Then the younger brother of Karna, uttering loud roars"
7.41,7.40,Abhimanyu-badha Parva,0.29,,"""Dhritarashtra said, A mere child in years, brought up in great luxury"
7.42,7.41,Abhimanyu-badha Parva,0.20,,"""Sanjaya said, 'Thou askest me, O monarch, about the prowess of the ru"
7.43,7.42,Abhimanyu-badha Parva,0.22,,"""Sanjaya said, 'When the ruler of the Sindhus checked the Pandavas, de"
7.44,7.43,Abhimanyu-badha Parva,0.24,,"""Sanjaya said, 'Engaged in taking the lives of brave warriors, Arjuna'"
7.45,7.44,Abhimanyu-badha Parva,0.43,,"""Dhritarashtra said, 'That which thou tellest me, O Suta, about the ba"
7.46,7.45,Abhimanyu-badha Parva,0.40,,"""Dhritarashtra said, 'While the youthful and invincible son of Subhadr"
7.47,7.46,Abhimanyu-badha Parva,0.30,,"""Sanjaya said, 'Phalguni's son once more pierced Karna in the car with"
7.48,7.47;7.48,Abhimanyu-badha Parva,0.23,,"""Sanjaya said, 'That joy of Vishnu's sister (viz., Abhimanyu), that At"
7.49,7.49,Abhimanyu-badha Parva,0.45,,"""Sanjaya said, 'After the slaughter of that hero, that leader of car-d"
7.50,7.50,Abhimanyu-badha Parva,0.05,,"""Sanjaya said, 'While Kunti's son, Yudhishthira, was indulging in such"
7.51,7.51;7.52;7.53;7.54;7.55;7.56;7.57;7.58;7.59;7.60;7.61;7.62;7.63;7.64;7.65;7.66;7.67;7.68;7.69;7.70;7.71;7.72;7.73,Abhimanyu-badha Parva,0.25,,"""Sthanu said, 'O lord, thou hadst taken great care for creating divers"
7.52,7.74,Abhimanyu-badha Parva,0.22,,"""Sanjaya said, 'When the spies (of Duryodhana), having heard that loud"
7.53,7.75;7.76,Abhimanyu-badha Parva,0.39,,"""Sanjaya said, 'After Partha had vowed the death of the ruler of the S"
7.54,7.77,Abhimanyu-badha Parva,0.26,,"""Sanjaya said, 'Both Vasudeva and Dhananjaya, afflicted with sorrow an"
7.55,7.78,Abhimanyu-badha Parva,0.18,,"""Sanjaya said, 'Hearing these words of the high-souled Kesava, Subhadr"
7.56,7.79,Abhimanyu-badha Parva,0.23,,"""Sanjaya said, 'Then lord Kesava, of eyes like lotus-petals, having en"
7.57,7.80;7.81,Abhimanyu-badha Parva,0.37,,"""Sanjaya said, 'Kunti's son, Dhananjaya, of inconceivable prowess thin"
7.58,7.82,Abhimanyu-badha Parva,0.32,,"""Sanjaya said, 'While Krishna and Daruka were thus conversing together"
7.59,7.83,Abhimanyu-badha Parva,0.24,,"""Sanjaya said, 'Then king Yudhishthira, the son of Kunti, saluting Dev"
7.60,7.84,Abhimanyu-badha Parva,0.34,,"""Sanjaya said, 'While Yudhishthira, Vasudeva, and others were thus con"
7.61,7.85,Jayadratha-Vadha Parva,0.35,,"""Dhritarashtra said, 'After Abhimanyu's slaughter when the next day ca"
7.62,7.86,Jayadratha-Vadha Parva,0.24,,"""Sanjaya said, 'I will tell thee all, for everything hath been witness"
7.63,7.87,Jayadratha-Vadha Parva,0.37,,"""Sanjaya said, 'After that fight had passed away, Drona, that foremost"
7.64,7.88,Jayadratha-Vadha Parva,0.29,,"""Sanjaya said, 'After the divisions of the Kuru army had been (thus) a"
7.65,7.89,Jayadratha-Vadha Parva,0.32,,"""Dhritarashtra said, 'When the van of my army thus slaughtered by the "
7.66,7.90,Jayadratha-Vadha Parva,0.36,,"""Sanjaya said, 'Slaying the force of Duhsasana, the mighty car-warrior"
7.67,7.91,Jayadratha-Vadha Parva,0.52,,"""Sanjaya said, 'Held in check by them, that foremost of car-warriors, "
7.68,7.92,Jayadratha-Vadha Parva,0.39,,"""Sanjaya said, 'Upon the fall of Sudakshina and of the heroic Srutayud"
7.69,7.93,Jayadratha-Vadha Parva,0.51,,"""Sanjaya said, 'After the son of Kunti, impelled by the desire of slay"
7.70,7.94,Jayadratha-Vadha Parva,0.27,,"""Sanjaya said, 'After that bull among men, viz., Duryodhana, had set o"
7.71,7.95,Jayadratha-Vadha Parva,0.31,,"""Sanjaya said, 'Listen, O king, to me as I describe to thee the wonder"
7.72,7.96,Jayadratha-Vadha Parva,0.34,,"""Sanjaya said, 'When that fierce battle, causing the hair to stand on "
7.73,7.97,Jayadratha-Vadha Parva,0.36,,"""Dhritarashtra said, 'After that shafts of Drona had been cut off and "
7.74,7.98,Jayadratha-Vadha Parva,0.33,,"""Sanjaya said, 'When the sun turned in his downward course towards the"
7.75,7.99,Jayadratha-Vadha Parva,0.33,,"""Sanjaya said, 'After the high-souled son of Kunti had created that wa"
7.76,7.100,Jayadratha-Vadha Parva,0.28,,"""Sanjaya said, 'O monarch! I beholding Vasudeva and Dhananjaya penetra"
7.77,7.101,Jayadratha-Vadha Parva,0.26,,"""Vasudeva said, 'Behold, O Dhananjaya, this Suyodhana who hath transgr"
7.78,7.102,Jayadratha-Vadha Parva,0.36,,"""Sanjaya said, 'Saying these words, king Duryodhana pierced Arjuna wit"
7.79,7.103,Jayadratha-Vadha Parva,0.48,,"""Sanjaya said, 'Thy warriors, as soon as they beheld those foremost of"
7.80,7.104,Jayadratha-Vadha Parva,0.18,,"""Dhritarashtra, said, 'Describe to me, O Sanjaya, the diverse kinds of"
7.81,7.105,Jayadratha-Vadha Parva,0.34,,"""Dhritarashtra said, 'After Arjuna had got the ruler of the Sindhus wi"
7.82,7.106,Jayadratha-Vadha Parva,0.49,,"""Sanjaya said, 'Kshemadhurti, O monarch, pierced the advancing Vrihatk"
7.83,7.107,Jayadratha-Vadha Parva,0.27,,"""Sanjaya said, 'The illustrious son of Somadatta pierced each of the s"
7.84,7.108,Jayadratha-Vadha Parva,0.21,,"""Sanjaya said, 'Having fled away from Bhima, Alamvusha, in another par"
7.85,7.109,Jayadratha-Vadha Parva,0.37,,"""Dhritarashtra said, 'Tell me, O Sanjaya, how Yuyudhana rushed against"
7.86,7.110,Jayadratha-Vadha Parva,0.33,,"""Sanjaya said, 'That bull amongst the Sinis, viz., Satyaki, hearing th"
7.87,7.111,Jayadratha-Vadha Parva,0.42,,"""Sanjaya said, 'Hearing these words of the king Yudhishthira the just,"
7.88,7.112,Jayadratha-Vadha Parva,0.27,,"""Sanjaya said, 'O king, when Yuyudhana, from desire of battle proceede"
7.89,7.112,Jayadratha-Vadha Parva,0.08,merged,"""Sanjaya said, 'O king, when Yuyudhana, from desire of battle proceede"
7.90,7.113,Jayadratha-Vadha Parva,0.27,,"""Dhritarashtra said, Our army is equally possessed of many excellences"
7.91,7.114,Jayadratha-Vadha Parva,0.41,,"""Sanjaya said, 'Listen with undivided attention, O king. After the rou"
7.92,7.115,Jayadratha-Vadha Parva,0.48,,"""Sanjaya said, 'Shooting clouds of arrows, all those warriors, accompl"
7.93,7.116,Jayadratha-Vadha Parva,0.36,,"""Sanjaya said, 'While the (Kuru) host was shaken by the grandson of Si"
7.94,7.117,Jayadratha-Vadha Parva,0.49,,"""Sanjaya said, 'Having vanquished Drona and other warriors of thy army"
7.95,7.118,Jayadratha-Vadha Parva,0.45,,"""Sanjaya said, 'Then that bull of Vrishni's race, viz., the high-soule"
7.96,7.119,Jayadratha-Vadha Parva,0.51,,"""Sanjaya said, Having the vanquished the Yavanas and the Kamvojas that"
7.97,7.120,Jayadratha-Vadha Parva,0.36,,"""Dhritarashtra said, 'Beholding the grandson of Sini proceeding toward"
7.98,7.121,Jayadratha-Vadha Parva,0.32,,"""Sanjaya said, 'Beholding Duhsasana's car staying near his, the son of"
7.99,7.122,Jayadratha-Vadha Parva,0.59,,"""Sanjaya said, 'Meanwhile, O king, Duhsasana rushed against the grands"
7.100,7.123,Jayadratha-Vadha Parva,0.29,,"""Dhritarashtra said, 'Were there, O Sanjaya, no mighty car-warriors in"
7.101,7.124,Jayadratha-Vadha Parva,0.35,,"""Sanjaya said, 'In the afternoon of that day, O king, a dreadful battl"
7.102,7.125;7.126,Jayadratha-Vadha Parva,0.44,,"""Sanjaya said, 'When the army of the Pandavas was thus agitated on all"
7.103,7.127,Jayadratha-Vadha Parva,0.38,,"""Sanjaya said, 'After the son of Pandu had crossed that car-force, the"
7.104,7.128,Jayadratha-Vadha Parva,0.31,,"""Dhritarashtra said, 'While mighty Bhimasena was uttering those loud s"
7.105,7.129,Jayadratha-Vadha Parva,0.43,,"-Sanjaya said, 'After that army had (thus) been routed, and Arjuna and"
7.106,7.130,Jayadratha-Vadha Parva,0.21,,"""Sanjaya said, 'During the progress, O monarch, of that battle, making"
7.107,7.131,Jayadratha-Vadha Parva,0.23,,"""Dhritarashtra said, 'What, indeed, O Sanjaya, did Duryodhana say when"
7.108,7.132,Jayadratha-Vadha Parva,0.36,,"""Dhritarashtra said, 'I regard Bhimasena's prowess to be exceedingly w"
7.109,7.133,Jayadratha-Vadha Parva,0.36,,"""Sanjaya said, 'Then the carless Karna, thus once more completely defe"
7.110,7.134,Jayadratha-Vadha Parva,0.37,,"""Dhritarashtra said, 'I think, Destiny is supreme. Fie on exertion whi"
7.111,7.135,Jayadratha-Vadha Parva,0.36,,"""Sanjaya said, 'Beholding thy sons lying (on the field), Karna of grea"
7.112,7.136,Jayadratha-Vadha Parva,0.29,,"""Sanjaya said, 'Hearing the twang of Bhimasena's bow and the sound of "
7.113,7.137,Jayadratha-Vadha Parva,0.17,,"""Dhritarashtra said, 'O Suta, O Sanjaya, this grievous result that has"
7.114,7.138,Jayadratha-Vadha Parva,0.21,,"""Sanjaya said, 'Then Karna, O king, piercing Bhima with three arrows, "
7.115,7.139,Jayadratha-Vadha Parva,0.17,,"""Dhritarashtra said, 'Day by day, O Sanjaya, my blazing fame is being "
7.116,7.140,Jayadratha-Vadha Parva,0.42,,"""Sanjaya said, 'Then the great bowmen of the Trigarta country owning s"
7.117,7.141,Jayadratha-Vadha Parva,0.30,,"""Sanjaya said, 'Beholding Satwata, invincible in battle coming (toward"
7.118,7.142,Jayadratha-Vadha Parva,0.24,,"""Sanjaya said, 'That arm (of Bhurisravas) decked with Angada and the s"
7.119,7.143,Jayadratha-Vadha Parva,0.52,,"""Dhritarashtra said, 'Unvanquished by Drona, and Radha's son and Vikar"
7.120,7.144,Jayadratha-Vadha Parva,0.36,,"""Dhritarashtra said, 'After the Kuru warrior Bhurisravas had been slai"
7.121,7.145,Jayadratha-Vadha Parva,0.36,,"""Sanjaya said, 'Hearing the twang, resembling the loud call of Death h"
7.122,7.146,Jayadratha-Vadha Parva,0.33,,"""Dhritarashtra said, 'Tell me, O Sanjaya, what did my warriors do afte"
7.123,7.147,Jayadratha-Vadha Parva,0.19,,"""Dhritarashtra said, When such was the condition of battle, between th"
7.124,7.148,Jayadratha-Vadha Parva,0.12,,"""Sanjaya said, 'After the ruler of the Sindhus had been slain by Parth"
7.125,7.149,Jayadratha-Vadha Parva,0.31,,"""Sanjaya said, Upon the fall, O king, of the ruler of the Sindhus, thy"
7.126,7.150,Jayadratha-Vadha Parva,0.42,,"""Dhritarashtra said, 'After the ruler of the Sindhus had been slain in"
7.127,7.151,Jayadratha-Vadha Parva,0.08,,"""Sanjaya said, 'Thus urged by Drona, king Duryodhana, filled with rage"
7.128,7.152,Ghatotkacha-badha Parva,0.33,,"""Sanjaya said, 'That elephant force of thine, O king, swelling with mi"
7.129,7.153,Ghatotkacha-badha Parva,0.25,,"""Dhritarashtra said, 'Having said all those words unto my son, Duryodh"
7.130,7.154,Ghatotkacha-badha Parva,0.61,,"""Dhritarashtra said, ""When the invincible Drona, of immeasurable energ"
7.131,7.155,Ghatotkacha-badha Parva,0.35,,"""Sanjaya said, 'After his son (Bhurisravas) had been slain by Satyaki "
7.132,7.156,Ghatotkacha-badha Parva,0.46,,"""Sanjaya said, 'Beholding the sons of Drupada, as also those of Kuntib"
7.133,7.157,Ghatotkacha-badha Parva,0.37,,"""Sanjaya said, 'Beholding that vast host of the Pandavas swelling with"
7.134,7.158,Ghatotkacha-badha Parva,0.24,,"""Sanjaya said, 'Seeding his uncle thus addressed in harsh and insultin"
7.135,7.159,Ghatotkacha-badha Parva,0.20,,"""Sanjaya said, 'Thus addressed by Duryodhana, Drona's son, that warrio"
7.136,7.160,Ghatotkacha-badha Parva,0.47,,"""Sanjaya said, 'Then king Yudhishthira, and Bhimasena, the son of Pand"
7.137,7.161,Ghatotkacha-badha Parva,0.43,,"""Sanjaya said 'Beholding Somadatta shaking his large bow, Satyaki, add"
7.138,7.162,Ghatotkacha-badha Parva,0.19,,"""Sanjaya said, 'During the progress of that fierce and terrible battle"
7.139,7.163,Ghatotkacha-badha Parva,0.33,,"""Sanjaya said, 'When the field of battle which had before been envelop"
7.140,7.164,Ghatotkacha-badha Parva,0.25,,"""Sanjaya said, 'During the progress of that terrible nocturnal engagem"
7.141,7.165,Ghatotkacha-badha Parva,0.29,,"""Sanjaya said, 'Bhuri, O king, in that battle, resisted that foremost "
7.142,7.166;7.167,Ghatotkacha-badha Parva,0.35,,"'Sanjaya said, 'Karna, the son of Vikartana,[222] O king, resisted the"
7.143,7.168,Ghatotkacha-badha Parva,0.56,,"""Sanjaya said, 'Thy son, Chitrasena, O Bharata, resisted (Nakula's son"
7.144,7.169,Ghatotkacha-badha Parva,0.34,,"""Sanjaya said, 'Against Nakula who was engaged in smiting thy host, Su"
7.145,7.170,Ghatotkacha-badha Parva,0.48,,"""Sanjaya said, 'In that fierce and terrible battle, Dhrishtadyumna, O "
7.146,7.171,Ghatotkacha-badha Parva,0.44,,"""Sanjaya said, 'Then all those kings of thy army, incapable of being e"
7.147,7.172,Ghatotkacha-badha Parva,0.34,,"""Sanjaya said, 'Beholding his own army routed while being slaughtered "
7.148,7.173,Ghatotkacha-badha Parva,0.29,,"""Sanjaya said, 'Then Karna, that slayer of hostile heroes, beholding P"
7.149,7.174,Ghatotkacha-badha Parva,0.38,,"""Sanjaya said, 'Beholding the mighty-armed Ghatotkacha, O king, procee"
7.150,7.175,Ghatotkacha-badha Parva,0.30,,"""Dhritarashtra said, 'How, indeed, did that battle take place when at "
7.151,7.176,Ghatotkacha-badha Parva,0.29,,"""Sanjaya said, 'During the progress of that battle between Karna and t"
7.152,7.177,Ghatotkacha-badha Parva,0.51,,"""Sanjaya said, 'Beholding Alayudha of terrible deeds come to battle, a"
7.153,7.178,Ghatotkacha-badha Parva,0.46,,"""Sanjaya said, 'Seeing Bhima in that battle assailed by the cannibal, "
7.154,7.179,Ghatotkacha-badha Parva,0.35,,"""Sanjaya said, 'Having slain Alayudha, the Rakshasa Ghatotkacha became"
7.155,7.180,Ghatotkacha-badha Parva,0.28,,"""Sanjaya said, 'Beholding Hidimva's son slain and lying like a riven m"
7.156,7.181,Ghatotkacha-badha Parva,0.51,,"""Arjuna said, 'How, O Janardana, for our good, and by what means, were"
7.157,7.182,Ghatotkacha-badha Parva,0.37,,"""Dhritarashtra said, 'When the Suta's son had such a dart as was sure "
7.158,7.183,Ghatotkacha-badha Parva,0.37,,"""Dhritarashtra said, 'I see, O sire, that this act of Karna and Duryod"
7.159,7.184,Drona-vadha Parva,0.20,,"""Sanjaya said, 'Thus addressed by Vyasa, the heroic king Yudhishthira "
7.160,7.185,Drona-vadha Parva,0.38,,"""Sanjaya said, 'At this time Duryodhana, under the influence of wrath,"
7.161,7.186,Drona-vadha Parva,0.34,,"""Sanjaya said, 'When three-fourths of that night had worn away, the ba"
7.162,7.187,Drona-vadha Parva,0.29,,"""Sanjaya continued, 'The warrior, O king, thus clad in mail on the fie"
7.163,7.188,Drona-vadha Parva,0.43,,"""Sanjaya said, 'Then Duhsasana, filled with wrath, rushed against Saha"
7.164,7.189;7.190;7.191;7.192,Drona-vadha Parva,0.25,,"Note by S, Gautam: This section is missing from the original Gutenberg"
7.165,7.193;7.194,Drona-vadha Parva,0.28,,"""Sanjaya said, 'Beholding those feats of the Satwata hero, Duryodhana "
7.166,7.195;7.196,Drona-vadha Parva,0.28,,"""Dhritarashtra said, 'Hearing, O Sanjaya, of the slaughter, by unright"
7.167,7.197,Drona-vadha Parva,0.11,,"""Sanjaya said, 'When the weapon called Narayana was invoked, violent w"
7.168,7.198,Drona-vadha Parva,0.31,,"""Sanjaya said, 'Hearing these words of Arjuna, the mighty car-warriors"
7.169,7.199,Drona-vadha Parva,0.32,,"""Dhritarashtra said, 'That illustrious person who had duly studied the"
7.170,7.200,Drona-vadha Parva,0.20,,"""Sanjaya said, 'Then Drona's son began to cause a great carnage amongs"
7.171,7.201,Drona-vadha Parva,0.25,,"""Sanjaya said, ""Beholding Bhimasena overwhelmed by that weapon, Dhanan"
7.172,7.202,Drona-vadha Parva,0.15,,"""Dhritarashtra said, Upon the slaughter of the Atiratha, viz., Drona, "
7.173,7.203,Drona-vadha Parva,0.05,,"""Sanjaya said, 'Having battled fiercely for five days, O king, the Bra"
8.1,8.1;8.2,,0.26,,"Om! Having bowed down unto Narayana, and unto that most exalted of mal"
8.2,8.3,,0.35,,"""Sanjaya said, 'Upon the fall of the great bowman Drona, thy sons, tho"
8.3,8.4,,0.17,,"Vaishampayana said, ""Hearing this intelligence, O monarch, Dhritarasht"
8.4,8.5;8.6;8.7,,0.26,,"Vaishampayana said, ""Hearing these words, O monarch, Ambika's son Dhri"
8.5,8.8;8.9,,0.23,,"Janamejaya said, ""Having heard of Karna's fall and the slaughter of hi"
8.6,8.10,,0.23,,"""Sanjaya said, 'After the fall of the mighty bowman Drona on that day,"
8.7,8.11,,0.22,,"""Dhritarashtra said, 'After having obtained the command of the army, a"
8.8,8.12,,0.45,,"""Sanjaya said, 'Then those two vast armies, teeming with rejoicing men"
8.9,8.13,,0.39,,"""Sanjaya said, 'Then the mighty and heroic bowman Karna began to smite"
8.10,8.14,,0.59,,"""Sanjaya said, 'Srutakarman then, O king, filled with wrath, struck th"
8.11,8.15,,0.14,,"""Sanjaya said, 'Endued with the greatest activity, Drona's son, O king"
8.12,8.16;8.17,,0.30,,"""Dhritarashtra said, 'Describe to me the battle of Arjuna with the sam"
8.13,8.18,,0.41,,"""Sanjaya said, 'Meanwhile towards the northern part of the Pandava arm"
8.14,8.19,,0.24,,"""Sanjaya said, 'Wheeling round, like the planet Mercury in the curvatu"
8.15,8.20,,0.35,,"""Dhritarashtra said, 'Thou didst mention to me before the name of Pand"
8.16,8.21,,0.24,,"""Dhritarashtra said, 'When Pandya had been slain and when that foremos"
8.17,8.22;8.23;8.24,,0.43,,"""Sanjaya said, 'Many elephant-warriors riding on their beasts, urged b"
8.18,8.25;8.26,,0.38,,"""Sanjaya said, 'Against Yuyutsu who was employed in routing the vast a"
8.19,8.27;8.28,,0.46,,"""Sanjaya said, 'The white steeded (Arjuna) also, O monarch, routed thy"
8.20,8.29,,0.32,,"""Dhritarashtra said, 'I have heard from thee, O Sanjaya, of many poign"
8.21,8.30,,0.30,,"""Sanjaya said, 'Placing Karna at their van, thy warriors, difficult of"
8.22,8.31,,0.26,,"""Dhritarashtra said, 'It seems that Arjuna slew all of you at his will"
8.23,8.32,,0.20,,"""Sanjaya said, 'Thy son then, O monarch, humbly approaching that might"
8.24,8.33;8.34,,0.32,,"""'Duryodhana said, ""Listen, once more, O ruler of the Madras, to what "
8.25,8.35,,0.21,,"""'Duryodhana said, ""Even thus did that illustrious Deity, that Grandsi"
8.26,8.36;8.37;8.38;8.39,,0.37,,"""'Duryodhana said, ""This one, O Karna, will act as thy driver, this ru"
8.27,8.40,,0.22,,"""Sanjaya said, 'Thus rebuked by Shalya of immeasurable energy, the son"
8.28,8.41,,0.25,,"""Sanjaya said, 'Hearing, O sire, these words of Radha's son who deligh"
8.29,8.42,,0.11,,"""Sanjaya said, 'The high-souled son of Adhiratha, having listened unco"
8.30,8.43;8.44;8.45,,0.35,,"""Sanjaya said, 'That chastiser of foes, viz., the son of Radha, thus s"
8.31,8.46,,0.23,,"""Sanjaya said, 'Beholding then that unrivalled array of the Parthas ma"
8.32,8.47;8.48,,0.46,,"""Dhritarashtra said, 'When the two armies, duly arrayed, thus mingled "
8.33,8.49,,0.32,,"""Sanjaya said, 'Piercing through the Pandava host, Karna, surrounded b"
8.34,8.50,,0.31,,"""Sanjaya said, 'Beholding the Pandava heroes rushing impetuously towar"
8.35,8.51,,0.34,,"""Dhritarashtra said, 'Exceedingly difficult of accomplishment was that"
8.36,8.52,,0.03,,"""Sanjaya said, 'Those Kshatriyas, O monarch, harbouring feelings of an"
8.37,8.53,,0.48,,"""Sanjaya said, 'During the progress of that battle in which so many Ks"
8.38,8.54,,0.56,,"""Sanjaya said, 'Then Kritavarma, and Kripa, and the son of Drona and t"
8.39,8.55,,0.53,,"""Sanjaya said, 'Meanwhile the son of Drona (Ashvatthama), beholding Yu"
8.40,8.56;8.57,,0.36,,"""Sanjaya said, 'Meanwhile Vikartana himself, resisting Bhimasena suppo"
8.41,8.58,,0.08,,"""Sanjaya said, 'Thus raged that great battle between those lords of Ea"
8.42,8.59,,0.22,,"""Sanjaya said, 'Then the Kurus and the Srinjayas once more fearlessly "
8.43,8.60,,0.29,,"""Sanjaya said, 'Meanwhile Krishna, pointing out king Yudhishthira the "
8.44,8.61;8.62;8.63,,0.52,,"""Dhritarashtra said, 'When Bhima and Pandu's son Yudhishthira were eng"
8.45,8.64;8.65,,0.20,,"""Sanjaya said, 'Meanwhile Drona's son, surrounded by a large car-force"
8.46,8.66,,0.25,,"""'Yudhishthira said, ""Welcome, O thou that hast Devaki for thy mother,"
8.47,8.67,,0.25,,"""Sanjaya said, 'Hearing these words of the righteous king who had been"
8.48,8.68,,0.46,,"""Sanjaya said, 'Hearing that Karna of mighty energy was still alive, P"
8.49,8.69;8.70,,0.22,,"""Sanjaya said, 'Thus addressed by Yudhishthira, Kunti's son owning whi"
8.50,8.71;8.72,,0.27,,"""Sanjaya said, 'Having heard these joyful words of king Yudhishthira, "
8.51,8.73,,0.38,,"""Sanjaya said, 'Once more Keshava of immeasurable soul said these word"
8.52,8.74,,0.18,,"""Sanjaya said, 'Hearing these words of Keshava, O Bharata, Vibhatsu so"
8.53,8.75,,0.40,,"""Dhritarashtra said, 'In that awful and fathomless encounter of the Pa"
8.54,8.76,,0.29,,"""Sanjaya said, 'During the progress of the fierce engagement, Bhima, w"
8.55,8.77,,0.27,,"""Sanjaya said, 'Hearing the roars of cars and the leonine shouts (of t"
8.56,8.78,,0.36,,"""Dhritarashtra said, 'When our troops were broken in battle by Bhimase"
8.57,8.79,,0.31,,"""Sanjaya said, 'Meanwhile Arjuna, O monarch, having slain the four kin"
8.58,8.80,,0.21,,"""Sanjaya said, 'Then, O king, Dhananjaya, desirous of rescuing Kunti's"
8.59,8.81,,0.26,,"""Sanjaya said, 'Meanwhile ninety Kaurava car-warriors rushed for battl"
8.60,8.82,,0.44,,"""Sanjaya said, 'After the Kurus, O king, had been put to flight by the"
8.61,8.83,,0.17,,"""Sanjaya said, 'Fighting fiercely, prince Duhshasana achieved the most"
8.62,8.84;8.85,,0.36,,"""Sanjaya said, 'After the slaughter of Duhshasana, O king, ten of thy "
8.63,8.86;8.87,,0.32,,"""Sanjaya said, 'Beholding the gigantic and roaring Karna, incapable of"
8.64,8.88,,0.32,,"""Sanjaya said, 'Meanwhile the welkin, filled with gods and Nagas and A"
8.65,8.89,,0.15,,"Sanjaya said, ""Then when the blare of conchs and the peal of drums bec"
8.66,8.90,,0.23,,"""Sanjaya said, 'Flying away in consequence of the falling of Arjuna's "
8.67,8.91;8.92;8.93,,0.16,,"""Sanjaya said, 'Then Vasudeva, stationed on the car, addressed Karna, "
8.68,8.94;8.95,,0.15,,"""Sanjaya said, 'The ruler of the Madras then, beholding thy son employ"
8.69,8.96,,0.32,,"""Sanjaya said, 'After Karna had thus been slain and the Kaurava troops"
9.1,9.1,,0.32,,"Om! Having bowed down unto Narayana and Nara, the most exalted of male"
9.2,9.2,,0.51,,"Vaishampayana said, ""After the ladies had been dismissed, Dhritarashtr"
9.3,9.3;9.4,,0.30,,"""Sanjaya said, 'Hear, O king, with attention, how that great carnage o"
9.4,9.5,,0.21,,"""Sanjaya said, 'Thus addressed by the celebrated grandson of Gotama, t"
9.5,9.6,,0.25,,"""Sanjaya said, 'On that table land at the foot of Himavat, those warri"
9.6,9.7,,0.46,,"""Sanjaya said, 'Hearing these words of the (Kuru) king, the valiant mo"
9.7,9.8,,0.42,,"""Sanjaya said, 'After that night had passed away, king Duryodhana then"
9.8,9.9,,0.16,,"""Sanjaya said, 'Then commenced the battle between the Kurus and the Sr"
9.9,9.10,,0.65,,"""Sanjaya said, 'Beholding the army broken, the valiant king of the Mad"
9.10,9.11,,0.37,,"Sanjaya said, ""When the troops, slaughtered by one another, were thus "
9.11,9.12,,0.44,,"""Sanjaya said, 'Seeing his driver fallen, Shalya, O king, quickly took"
9.12,9.13,,0.50,,"""Sanjaya said, 'When king Yudhishthira the just was thus afflicted by "
9.13,9.14,,0.44,,"""Sanjaya said, 'Meanwhile Arjuna, in that battle, pierced with many ar"
9.14,9.15,,0.42,,"""Sanjaya said, 'Duryodhana, O king, and Dhrishtadyumna, the son of Pri"
9.15,9.16,,0.37,,"""Sanjaya said, 'Then, O lord, thy troops, with Shalya at their head, o"
9.16,9.17,,0.27,,"""Sanjaya said, 'Taking up another bow that was very strong and much to"
9.17,9.18,,0.41,,"""Sanjaya said, 'After the slaughter of Shalya, O king, the followers o"
9.18,9.19,,0.40,,"""Sanjaya said, 'Upon the fall of that great king and mighty car-warrio"
9.19,9.20,,0.46,,"""Sanjaya said, 'After the (Kuru) army had been rallied, Shalva, the ru"
9.20,9.21,,0.32,,"""Sanjaya said, 'After the heroic Salwa, that ornament of assemblies, h"
9.21,9.22,,0.30,,"""Sanjaya said, 'That foremost of car-warriors, O monarch, thy son, rid"
9.22,9.23,,0.23,,"""Sanjaya said, 'During the progress of that terrible and awful battle,"
9.23,9.24,,0.26,,"""Sanjaya said, 'When the loud noise of battle had somewhat subsided an"
9.24,9.25,,0.28,,"""Sanjaya said, 'Dhananjaya, with his Gandiva, frustrated the purpose o"
9.25,9.26,,0.44,,"""Sanjaya said, 'After that elephant-division had been destroyed, O Bha"
9.26,9.27,,0.61,,"""Sanjaya said, 'Duryodhana, O king, and thy son Sudarsa, the only two "
9.27,9.28,,0.35,,"""Sanjaya said, 'During the progress of that battle which was so destru"
9.28,9.29,Hrada-pravesa Parva,0.34,,"""Sanjaya said, 'After this, the followers of Subala's son, O monarch, "
9.29,9.30,Hrada-pravesa Parva,0.45,,"""Dhritarashtra said, 'After all the Kaurava troops had been slain by t"
9.30,9.31,Hrada-pravesa Parva,0.36,,"""Sanjaya said, 'After those three car-warriors had left that spot, the"
9.31,9.32,Gada-yuddha Parva,0.25,,"""Dhritarashtra said, 'Thus admonished (by his foes), how, indeed, did "
9.32,9.33,Gada-yuddha Parva,0.36,,"""Sanjaya said, 'Whilst Duryodhana, O king, was repeatedly roaring in t"
9.33,9.34,Gada-yuddha Parva,0.20,,"""Sanjaya said, 'When that fierce battle, O monarch, was about to comme"
9.34,9.35,Gada-yuddha Parva,0.43,,"Janamejaya said, ""On the eve of the great battle (between the Kurus an"
9.35,9.36,Gada-yuddha Parva,0.59,,"Vaishampayana said, ""Baladeva (as already said), proceeded next to the"
9.36,9.37,Gada-yuddha Parva,0.42,,"Vaishampayana said, ""Then Valadeva, O king, proceeded to Vinasana wher"
9.37,9.38,Gada-yuddha Parva,0.44,,"Janamejaya said, ""Why was that tirtha called Sapta-Saraswat? Who was t"
9.38,9.39,Gada-yuddha Parva,0.38,,"Vaishampayana said, ""Having passed one night more, Rama, having the pl"
9.39,9.40,Gada-yuddha Parva,0.49,,"Janamejaya said, ""Why did the adorable Arshtishena undergo the austere"
9.40,9.41,Gada-yuddha Parva,0.32,,"Vaishampayana said, ""The delighter of the Yadus then proceeded to the "
9.41,9.42,Gada-yuddha Parva,0.62,,"Janamejaya said, ""Why is the current of (the tirtha known by the name "
9.42,9.43,Gada-yuddha Parva,0.38,,"Vaishampayana said, ""Cursed by the intelligent Vishvamitra in anger, S"
9.43,9.44,Gada-yuddha Parva,0.38,,"Janamejaya said, ""Thou hast described the merits of the Sarasvati, O b"
9.44,9.45,Gada-yuddha Parva,0.47,,"Vaishampayana said, ""Collecting all articles as laid down in the scrip"
9.45,9.46,Gada-yuddha Parva,0.41,,"Vaishampayana said, ""Listen now to the large bands of the mothers, tho"
9.46,9.47,Gada-yuddha Parva,0.20,,"Janamejaya said, ""This history, O regenerate one, that I have heard fr"
9.47,9.48,Gada-yuddha Parva,0.32,,"Vaishampayana said, ""Rama (as already said) then proceeded to the tirt"
9.48,9.49,Gada-yuddha Parva,0.43,,"Vaishampayana said, ""The mighty chief of the Yadus, having proceeded t"
9.49,9.50,Gada-yuddha Parva,0.60,,"Vaishampayana said, ""In that tirtha lived in days of yore a Rishi of v"
9.50,9.51,Gada-yuddha Parva,0.53,,"Vaishampayana said, ""There, in that tirtha, O Bharata, where the Lord "
9.51,9.52,Gada-yuddha Parva,0.37,,"Janamejaya said, ""Why, O regenerate one, did that maiden betake hersel"
9.52,9.53,Gada-yuddha Parva,0.34,,"""The Rishis said, 'O Rama, this Samantapanchaka is said to be the eter"
9.53,9.54,Gada-yuddha Parva,0.41,,"Vaishampayana said, ""Having visited Kurukshetra and given away wealth "
9.54,9.55,Gada-yuddha Parva,0.18,,"Vaishampayana said, ""Even thus, O Janamejaya, did that terrible battle"
9.55,9.56,Gada-yuddha Parva,0.18,,"Vaishampayana said, ""At the outset, O Janamejaya a fierce wordy encoun"
9.56,9.57,Gada-yuddha Parva,0.31,,"""Sanjaya said, 'Duryodhana, with heart undepressed, beholding Bhimasen"
9.57,9.58,Gada-yuddha Parva,0.32,,"""Sanjaya said, 'Beholding that fight thus raging between those two for"
9.58,9.59,Gada-yuddha Parva,0.30,,"""Sanjaya said, 'Beholding Duryodhana felled upon the earth like a giga"
9.59,9.60,Gada-yuddha Parva,0.21,,"""Dhritarashtra said, 'Beholding the (Kuru) king struck down unfairly, "
9.60,9.61,Gada-yuddha Parva,0.30,,"""Dhritarashtra said, 'Beholding Duryodhana struck down in battle by Bh"
9.61,9.62,Gada-yuddha Parva,0.41,,"Sanjaya said, ""All those kings, possessed of arms that resembled spike"
9.62,9.63,Gada-yuddha Parva,0.37,,"Janamejaya said, ""For what reason did that tiger among kings, Yudhisht"
9.63,9.64,Gada-yuddha Parva,0.28,,"""Dhritarashtra said, 'Kicked at the head, his thighs broken, prostrate"
9.64,9.65,Gada-yuddha Parva,0.19,,"""Sanjaya said, 'Having heard of Duryodhana's fall from the messengers,"
10.1,10.1,,0.14,,"Om! Having bowed down unto Narayana, and Nara the most exalted of male"
10.2,10.2,,0.09,,"Kripa said, ""We have heard all that thou hast said, O puissant one! Li"
10.3,10.3,,0.20,,"Sanjaya said, ""Hearing these words of Kripa that were auspicious and f"
10.4,10.4,,0.20,,"Kripa said, ""By good luck, O thou of unfading glory, thy heart is set "
10.5,10.5,,0.12,,"Kripa said, ""A person who is bereft of intelligence and who hath not h"
10.6,10.6,,0.28,,"Dhritarashtra said, ""Seeing Drona's son stop at the gate of the encamp"
10.7,10.7,,0.21,,"Sanjaya said, ""The son of Drona, O monarch, having reflected thus, des"
10.8,10.8,,0.29,,"Dhritarashtra said, ""While Drona's son, that mighty car-warrior, thus "
10.9,10.9,,0.28,,"Sanjaya said, ""Having slain all the Pancalas and the sons of Draupadi,"
10.10,10.10,,0.30,,"Vaishampayana said, ""After that night had gone away, the driver of Dhr"
10.11,10.11,,0.23,,"Vaishampayana said, ""Beholding his sons, grandsons, and friends all sl"
10.12,10.12,,0.31,,"Vaishampayana said, ""After the irresistible Bhimasena had set out, tha"
10.13,10.13,,0.26,,"Vaishampayana said, ""Having said these words, that foremost of all wie"
10.14,10.14,,0.21,,"Vaishampayana said, ""At the very outset the mighty-armed hero of Dasha"
10.15,10.15,,0.25,,"Vaishampayana said, ""At the very sight, O tiger among men, of those tw"
10.16,10.16,,0.43,,"Vaishampayana said, ""Understanding that that weapon was thrown (into t"
10.17,10.17,,0.14,,"Vaishampayana said, ""After all the troops had been slain during the ho"
10.18,10.18,,0.10,,"The holy one said, ""After the krita-yuga had elapsed, the gods, desiro"
11.1,11.1,Jalapradanika-parva,0.24,,"Om! Having bowed down unto Narayana and Nara, the foremost of male bei"
11.2,11.2,Jalapradanika-parva,0.13,,"Vaishampayana said, ""Listen, O Janamejaya, to the nectar-like words th"
11.3,11.3,Jalapradanika-parva,0.00,,"""Dhritarashtra said, O thou of great wisdom, my grief has been dispell"
11.4,11.4,Jalapradanika-parva,0.00,,"""Dhritarashtra said, O foremost speakers, how may the wilderness of th"
11.5,11.5,Jalapradanika-parva,0.00,,"""Dhritarashtra said, Tell me in detail everything about the ways of th"
11.6,11.6,Jalapradanika-parva,0.00,,"""Dhritarashtra said, Alas, great was the distress of that person and v"
11.7,11.7,Jalapradanika-parva,0.10,,"""Dhritarashtra said, Excellent is this parable that thou hast recited!"
11.8,11.8;11.9,Jalapradanika-parva,0.26,,"Vaishampayana said, ""Even after hearing the words of Vidura, the chief"
11.9,11.10,Jalapradanika-parva,0.34,,"Vaishampayana said, ""Hearing these words of Vidura, that bull of Bhara"
11.10,11.11,Jalapradanika-parva,0.42,,"Vaishampayana said, ""Dhritarashtra had not proceeded for more than two"
11.11,11.12,Jalapradanika-parva,0.24,,"Vaishampayana said, ""After all the warriors had been slaughtered, king"
11.12,11.13,Jalapradanika-parva,0.30,,"Vaishampayana said, ""Certain maid-servants then came to the king for w"
11.13,11.14,Jalapradanika-parva,0.25,,"Vaishampayana said, ""Commanded by Dhritarashtra, those bulls of Kurus "
11.14,11.14,Jalapradanika-parva,0.17,merged,"Vaishampayana said, ""Commanded by Dhritarashtra, those bulls of Kurus "
11.15,11.15,Jalapradanika-parva,0.19,,"Vaishampayana said, ""Hearing these words of Gandhari, Bhimasena, looki"
11.16,11.16,Stri-vilapa-parva,0.25,,"Vaishampayana said, ""Having said these words, Gandhari, though staying"
11.17,11.17,Stri-vilapa-parva,0.14,,"Vaishampayana said, ""Beholding Duryodhana, Gandhari, deprived of her s"
11.18,11.18,Stri-vilapa-parva,0.23,,"""Gandhari said, Behold, O Madhava, my century of sons, incapable of fa"
11.19,11.19,Stri-vilapa-parva,0.36,,"""Gandhari said, There, O Madhava, my son Vikarna, applauded by the wis"
11.20,11.20,Stri-vilapa-parva,0.38,,"""Gandhari said, He whose might and courage were regarded, O Keshava, a"
11.21,11.21,Stri-vilapa-parva,0.25,,"""Gandhari said, Then the mighty Karna, that great bowman, lieth on the"
11.22,11.22,Stri-vilapa-parva,0.36,,"""Gandhari said, Slain by Bhimasena, behold, the lord of Avanti lies th"
11.23,11.23,Stri-vilapa-parva,0.32,,"""Gandhari said, There lies Shalya, the maternal uncle himself of Nakul"
11.24,11.24,Stri-vilapa-parva,0.43,,"""Gandhari said, Behold the son of Somadatta, who was slain by Yuyudhan"
11.25,11.25,Stri-vilapa-parva,0.41,,"""Gandhari said, Behold that irresistible ruler of the Kambojas, that b"
11.26,11.26,Stri-vilapa-parva,0.46,,"""The holy one said, Arise, arise, O Gandhari, do not set thy heart on "
11.27,11.27,Stri-vilapa-parva,0.24,,"Vaishampayana said, ""Arrived at the auspicious Ganga full of sacred wa"
12.1,12.1,Rajadharmanusasana Parva,0.47,,"OM! HAVING BOWED down to Narayana, and Nara, the foremost of male bein"
12.2,12.2,Rajadharmanusasana Parva,0.58,,"""Vaisampayana said, 'That foremost of speakers, the sage Narada, thus "
12.3,12.3,Rajadharmanusasana Parva,0.43,,"""Narada said, 'That tiger of Bhrigu's race (viz., Rama), was well-plea"
12.4,12.4,Rajadharmanusasana Parva,0.44,,"""Narada said, 'Having thus obtained weapons from him of Bhrigu's race,"
12.5,12.5,Rajadharmanusasana Parva,0.56,,"""Narada said, 'Hearing of the fame of Karna's might, the ruler of the "
12.6,12.6,Rajadharmanusasana Parva,0.14,,"""Vaisampayana said, 'Having said these words, the celestial Rishi Nara"
12.7,12.7,Rajadharmanusasana Parva,0.35,,"Vaisampayana said, ""The righteous-souled Yudhishthira, with an agitate"
12.8,12.8,Rajadharmanusasana Parva,0.21,,"Vaisampayana said, ""Like a person unwilling to forgive an insult, Arju"
12.9,12.9,Rajadharmanusasana Parva,0.02,,"""Yudhishthira said, 'For a little while, O Arjuna, concentrate thy att"
12.10,12.10,Rajadharmanusasana Parva,0.13,,"Bhimasena said, ""Thy understanding, O king, has become blind to the tr"
12.11,12.11,Rajadharmanusasana Parva,0.12,,"""Arjuna said, 'In this connection an old history is cited, viz., the d"
12.12,12.12,Rajadharmanusasana Parva,0.20,,"""Vaisampayana said, 'Hearing these words of Arjuna, O chastiser of foe"
12.13,12.13,Rajadharmanusasana Parva,0.04,,"""Sahadeva said, 'By casting off all external objects only, O Bharata, "
12.14,12.14,Rajadharmanusasana Parva,0.20,,"Vaisampayana said, ""When Kunti's son, king Yudhishthira the just, rema"
12.15,12.15,Rajadharmanusasana Parva,0.18,,"Vaisampayana said, ""Hearing these words of Yajnasena's daughter, Arjun"
12.16,12.16,Rajadharmanusasana Parva,0.24,,"Vaisampayana said, ""After the conclusion of Arjuna's speech, Bhimasena"
12.17,12.17,Rajadharmanusasana Parva,0.14,,"""Yudhishthira said, 'Discontent, heedless attachment to earthly goods,"
12.18,12.18,Rajadharmanusasana Parva,0.14,,"Vaisampayana said, ""When Yudhishthira, after saying these words, becam"
12.19,12.19,Rajadharmanusasana Parva,0.13,,"""Yudhishthira said, 'I am conversant with both the Vedas and the scrip"
12.20,12.20,Rajadharmanusasana Parva,0.55,,"Vaisampayana said, ""After Yudhishthira had stopped, the great ascetic "
12.21,12.21,Rajadharmanusasana Parva,0.10,,"""Devasthana said, 'In this connection is cited an old history, viz., t"
12.22,12.22,Rajadharmanusasana Parva,0.19,,"Vaisampayana said, ""After this, Arjuna once more addressed his eldest "
12.23,12.22,Rajadharmanusasana Parva,0.09,merged,"Vaisampayana said, ""After this, Arjuna once more addressed his eldest "
12.24,12.23,Rajadharmanusasana Parva,0.62,,"Vaisampayana said, ""Thus addressed by Arjuna of curly hair, the Kuru k"
12.25,12.24,Rajadharmanusasana Parva,0.28,,"Vaisampayana said, ""Once more the great sage Krishna-Dwaipayana said t"
12.26,12.25;12.26,Rajadharmanusasana Parva,0.21,,"Vaisampayana said, ""Hearing the words of the Island-born Rishi and see"
12.27,12.27,Rajadharmanusasana Parva,0.23,,"""Yudhishthira said, 'In consequence of the fall Abhimanyu of tender ye"
12.28,12.28,Rajadharmanusasana Parva,0.12,,"Vaisampayana said, ""Vyasa then dispelled the grief of the eldest son o"
12.29,12.29,Rajadharmanusasana Parva,0.40,,"Vaisampayana said, ""The foremost of kings, viz., Yudhishthira the son "
12.30,12.30,Rajadharmanusasana Parva,0.61,,"""Yudhishthira said, 'How did the son of Srinjaya become Suvarnashthivi"
12.31,12.31,Rajadharmanusasana Parva,0.45,,"Vaisampayana said, ""The royal son of Pandu then addressed Narada, sayi"
12.32,12.32,Rajadharmanusasana Parva,0.06,,"Vaisampayana said, ""Unto king Yudhishthira who still remained speechle"
12.33,12.33,Rajadharmanusasana Parva,0.14,,"""Yudhishthira said, 'Sons and grandsons and brothers and sires and fat"
12.34,12.34,Rajadharmanusasana Parva,0.02,,"""Yudhishthira said, 'After doing what acts does a man become liable to"
12.35,12.35,Rajadharmanusasana Parva,0.31,,"(contd.) Listen now to the circumstances under which men, by even comm"
12.36,12.36,Rajadharmanusasana Parva,0.07,,"""Vyasa said, 'By penances, religious rites, and gifts, O Bharata, a ma"
12.37,12.37,Rajadharmanusasana Parva,0.25,,"""Yudhishthira said, 'Tell me, O grandfather, what food is clean and wh"
12.38,12.38,Rajadharmanusasana Parva,0.45,,"""Yudhishthira said, 'O holy and great ascetic, I desire to hear in det"
12.39,12.39;12.40,Rajadharmanusasana Parva,0.32,,"""Vaisampayana said, 'At the time the Parthas entered the city, thousan"
12.40,12.41,Rajadharmanusasana Parva,0.45,,"""Vaisampayana said, 'The royal son of Kunti, freed from grief and the "
12.41,12.42,Rajadharmanusasana Parva,0.57,,"""Vaisampayana said, 'Having heard those words, suitable to time and pl"
12.42,12.43,Rajadharmanusasana Parva,0.56,,"""Vaisampayana said, 'After this king Yudhishthira of magnanimous soul "
12.43,12.44,Rajadharmanusasana Parva,0.29,,"""Vaisampayana said, 'Having got back the kingdom, king Yudhishthira of"
12.44,12.45,Rajadharmanusasana Parva,0.51,,"""Vaisampayana said, 'The king dismissed all his subjects, who, command"
12.45,12.46,Rajadharmanusasana Parva,0.45,,"""Janamejaya said, 'It behoveth thee, O learned Brahmana, to tell me wh"
12.46,12.47,Rajadharmanusasana Parva,0.31,,"""Yudhishthira said, 'How wonderful is this, O thou of immeasurable pro"
12.47,12.48,Rajadharmanusasana Parva,0.27,,"""Janamejaya said, 'How did the grandsire of the Bharatas, who lay on a"
12.48,12.49,Rajadharmanusasana Parva,0.43,,"Vaisampayana said, ""Then Hrishikesa and king Yudhishthira, and all tho"
12.49,12.50,Rajadharmanusasana Parva,0.53,,"""Vasudeva said, 'Listen, O son of Kunti, to the story of Rama's energy"
12.50,12.51,Rajadharmanusasana Parva,0.25,,"""Vaisampayana said, 'King Yudhishthira, hearing of those feats of Rama"
12.51,12.51,Rajadharmanusasana Parva,0.16,merged,"""Vaisampayana said, 'King Yudhishthira, hearing of those feats of Rama"
12.52,12.52,Rajadharmanusasana Parva,0.31,,"""Vaisampayana said, 'Hearing these words of Krishna fraught with Moral"
12.53,12.53,Rajadharmanusasana Parva,0.45,,"""Vaisampayana said, 'The slayer of Madhu, retiring to his bed, slept h"
12.54,12.54,Rajadharmanusasana Parva,0.33,,"""Janamejaya said, 'When that tiger among men, of righteous soul and gr"
12.55,12.55,Rajadharmanusasana Parva,0.15,,"""Vaisampayana said, 'Endued with great energy, the delighter of the Ku"
12.56,12.56,Rajadharmanusasana Parva,0.25,,"Vaisampayana said, 'Having bowed unto Hrishikesa, and saluted Bhishma,"
12.57,12.57,Rajadharmanusasana Parva,0.35,,"""Bhishma said, 'The king, O Yudhishthira, should always be ready for a"
12.58,12.58,Rajadharmanusasana Parva,0.34,,"""Bhishma said, 'Protection of the subject, O Yudhishthira, is the very"
12.59,12.59,Rajadharmanusasana Parva,0.26,,"Vaisampayana said, ""Rising from their beds the next day and performing"
12.60,12.60,Rajadharmanusasana Parva,0.41,,"Vaisampayana said, ""After this, Yudhishthira, saluted his grandsire, v"
12.61,12.61,Rajadharmanusasana Parva,0.38,,"""Bhishma said, 'O mighty-armed one, listen now to me, O thou of prowes"
12.62,12.62,Rajadharmanusasana Parva,0.07,,"""Yudhishthira said, 'Tell his those duties in respect of persons like "
12.63,12.63,Rajadharmanusasana Parva,0.37,,"""Bhishma said, 'Drawing the bow-string, destruction of foes, agricultu"
12.64,12.64,Rajadharmanusasana Parva,0.23,,"""Bhishma said, 'The duties in respect of all the four modes of life, t"
12.65,12.65,Rajadharmanusasana Parva,0.34,,"""Indra said, 'Kshatriya duties, O king, which are possessed of such en"
12.66,12.66,Rajadharmanusasana Parva,0.20,,"""Yudhishthira said, 'Thou hast spoken to me about the four modes of hu"
12.67,12.67,Rajadharmanusasana Parva,0.14,,"""Yudhishthira said, 'Thou hast said what the duties are of the four mo"
12.68,12.68,Rajadharmanusasana Parva,0.19,,"""Yudhishthira said, 'Why, O bull of Bharata's race, have the Brahmanas"
12.69,12.68,Rajadharmanusasana Parva,0.04,merged,"""Yudhishthira said, 'Why, O bull of Bharata's race, have the Brahmanas"
12.70,12.69,Rajadharmanusasana Parva,0.27,,"""Yudhishthira said, 'What other special duties remain for the king to "
12.71,12.70,Rajadharmanusasana Parva,0.03,,"""Yudhishthira said, 'By adopting that conduct, O thou that art convers"
12.72,12.71,Rajadharmanusasana Parva,0.04,,"Yudhishthira said, 'Tell me, O grand sire, in what way should the king"
12.73,12.72,Rajadharmanusasana Parva,0.39,,"""Bhishma said, 'That person, O king, who would protect the good and pu"
12.74,12.73,Rajadharmanusasana Parva,0.37,,"""Bhishma said, 'The king, with an eye to both religious merit and prof"
12.75,12.74,Rajadharmanusasana Parva,0.71,,"""Bhishma said, 'It is said that the preservation and growth of the kin"
12.76,12.75,Rajadharmanusasana Parva,0.17,,"""Yudhishthira said, 'Tell me, O grandsire, that conduct by which a kin"
12.77,12.76,Rajadharmanusasana Parva,0.15,,"""Yudhishthira said, 'O grandsire, amongst Brahmanas some are engaged i"
12.78,12.77,Rajadharmanusasana Parva,0.32,,"""Yudhishthira said, 'Of whose wealth, O bull of Bharata's race, is the"
12.79,12.78,Rajadharmanusasana Parva,0.19,,"""Yudhishthira said, 'It has been said that in seasons of distress a Br"
12.80,12.79,Rajadharmanusasana Parva,0.32,,"""Yudhishthira said, 'What, O grandsire, should be the acts and what th"
12.81,12.80,Rajadharmanusasana Parva,0.00,,"""Yudhishthira said, 'The most trifling act, O grandsire, cannot be acc"
12.82,12.81,Rajadharmanusasana Parva,0.28,,"""Yudhishthira said, 'If one does not succeed in winning over one's kin"
12.83,12.82,Rajadharmanusasana Parva,0.43,,"""Bhishma said, 'This that I have told thee constitutes the first means"
12.84,12.83,Rajadharmanusasana Parva,0.01,,"""Yudhishthira said, 'What should be the characteristics, O grandsire, "
12.85,12.84,Rajadharmanusasana Parva,0.36,,"""'Bhishma said, 'In this connection, O Yudhishthira, the old account o"
12.86,12.85,Rajadharmanusasana Parva,0.18,,"""Yudhishthira said, 'O foremost of kings, what is that method by which"
12.87,12.86,Rajadharmanusasana Parva,0.00,,"""Yudhishthira said, 'What should be the kind of city within which the "
12.88,12.87,Rajadharmanusasana Parva,0.03,,"""Yudhishthira said, 'How, O king, may a kingdom be consolidated, and h"
12.89,12.88,Rajadharmanusasana Parva,0.11,,"""Yudhishthira said: 'Tell me, O grandsire, how should the king should "
12.90,12.89,Rajadharmanusasana Parva,0.05,,"""Bhishma said, 'Let not such trees as yield edible fruits be cut down "
12.91,12.90,Rajadharmanusasana Parva,0.26,,"""Bhishma said, 'That foremost of all persons conversant with the Vedas"
12.92,12.91,Rajadharmanusasana Parva,0.18,,"""Utathya said, 'If the deity of the clouds pours rain seasonably and t"
12.93,12.92,Rajadharmanusasana Parva,0.47,,"""Yudhishthira said, 'How should a righteous king, who is desirous of a"
12.94,12.93,Rajadharmanusasana Parva,0.12,,"""Vamadeva continued, 'When the king, who is powerful, acts unrighteous"
12.95,12.94,Rajadharmanusasana Parva,0.25,,"""Vamadeva said, 'The king should win victories without battles. Victor"
12.96,12.95,Rajadharmanusasana Parva,0.24,,"""Yudhishthira said, 'If a Kshatriya desires to subjugate another Kshat"
12.97,12.96,Rajadharmanusasana Parva,0.28,,"""Bhishma said, 'A king should never desire to subjugate the earth by u"
12.98,12.97,Rajadharmanusasana Parva,0.17,,"""Yudhishthira said. 'There are no practices, O king, more sinful than "
12.99,12.98,Rajadharmanusasana Parva,0.30,,"""Yudhishthira said, 'Tell me, O grand-sire, what regions are earned by"
12.100,12.99,Rajadharmanusasana Parva,0.16,,"""Bhishma said, 'In this connection is cited the old story of the battl"
12.101,12.100,Rajadharmanusasana Parva,0.18,,"""Yudhishthira said, 'Tell me, O grandsire, how kings desirous of victo"
12.102,12.101,Rajadharmanusasana Parva,0.28,,"""Yudhishthira said, 'Of what disposition, of what behaviour, of what f"
12.103,12.102,Rajadharmanusasana Parva,0.21,,"""Yudhishthira said. 'What are the well-known indications, O bull of Bh"
12.104,12.103,Rajadharmanusasana Parva,0.16,,"""Yudhishthira said, 'Tell me, O grandsire, how a kin should behave tow"
12.105,12.104,Rajadharmanusasana Parva,0.22,,"""Yudhishthira said, 'How should a righteous king, who is opposed by hi"
12.106,12.105,Rajadharmanusasana Parva,0.12,,"""The sage said, 'If, on the other hand, O Kshatriya, thou thinkest tha"
12.107,12.106,Rajadharmanusasana Parva,0.04,,"""The king said, 'I do not desire, O Brahmana, to support life by decei"
12.108,12.107,Rajadharmanusasana Parva,0.09,,"""Yudhishthira said, 'Thou hast, O scorcher of foes, described the cour"
12.109,12.108,Rajadharmanusasana Parva,0.50,,"""Yudhishthira said, 'The path of duty is long. It has also, O Bharata,"
12.110,12.109,Rajadharmanusasana Parva,0.06,,"""Yudhishthira said, 'How, O Bharata, should a person act who desires t"
12.111,12.110,Rajadharmanusasana Parva,0.19,,"""Yudhishthira said, 'Creatures are seen to be afflicted by diverse mea"
12.112,12.111,Rajadharmanusasana Parva,0.04,,"""Yudhishthira said, 'Many persons here that are not really of tranquil"
12.113,12.112,Rajadharmanusasana Parva,0.17,,"""Yudhishthira said, 'What acts should be done by a king, and what are "
12.114,12.113,Rajadharmanusasana Parva,0.04,,"""Yudhishthira said, 'Tell me O bull of Bharata's race, how a king, wit"
12.115,12.114,Rajadharmanusasana Parva,0.00,,"""Yudhishthira said, 'How, O Bharata, should a learned man adorned with"
12.116,12.115,Rajadharmanusasana Parva,0.10,,"""Yudhishthira said, 'O grandsire, O thou that art possessed of great w"
12.117,12.116;12.117,Rajadharmanusasana Parva,0.45,,"""Bhishma said, 'In this connection is cited the following history of o"
12.118,12.118,Rajadharmanusasana Parva,0.05,,"""Bhishma said, 'Having once more assumed his proper form, the dog beca"
12.119,12.119,Rajadharmanusasana Parva,0.57,,"""Bhishma said, 'That king who, guided by the lesson to be drawn from t"
12.120,12.120,Rajadharmanusasana Parva,0.10,,"""Yudhishthira said, 'Thou hast, O Bharata, discoursed upon the many du"
12.121,12.121,Rajadharmanusasana Parva,0.22,,"""Yudhishthira said, 'O grandsire, thou hast now finished thy discourse"
12.122,12.122,Rajadharmanusasana Parva,0.45,,"""Bhishma said, 'In this connection is cited the old story that follows"
12.123,12.123,Rajadharmanusasana Parva,0.01,,"""Yudhishthira said, 'I wish, O sire, to hear the settled conclusions o"
12.124,12.124,Rajadharmanusasana Parva,0.20,,"""Yudhishthira said, 'All persons on earth, O foremost of men, applaud "
12.125,12.125;12.126,Rajadharmanusasana Parva,0.31,,"""Yudhishthira said, 'Thou hast said, O grandsire, that behaviour is th"
12.126,12.127;12.128,Rajadharmanusasana Parva,0.42,,"""Bhishma said, 'Then that best of Rishis, viz., the regenerate Rishabh"
12.127,12.129,Rajadharmanusasana Parva,0.10,,"""Yudhishthira said, 'Like one that drinks nectar I am never satiated w"
12.128,12.130,Rajadharmanusasana Parva,0.11,,"""Yudhishthira said, 'What course of conduct should be adopted by a kin"
12.129,12.131,Apaddharmanusasana Parva,0.00,,"""Yudhishthira said, 'What, besides this, should be done by a king that"
12.130,12.132,Apaddharmanusasana Parva,0.04,,"""Yudhishthira said, 'When practices fraught with high morality and ben"
12.131,12.133,Apaddharmanusasana Parva,0.00,,"""Bhishma said, 'The king should, by drawing wealth from his own kingdo"
12.132,12.134,Apaddharmanusasana Parva,0.02,,"""Bhishma said, 'In this connection, persons acquainted with the script"
12.133,12.135,Apaddharmanusasana Parva,0.02,,"""Bhishma said, 'In this connection is cited the old story of a robber "
12.134,12.136,Apaddharmanusasana Parva,0.30,,"""Bhishma said, 'In this connection, viz., the method by which a king s"
12.135,12.137,Apaddharmanusasana Parva,0.35,,"""Bhishma said, 'These two, viz., one that provides for the future, and"
12.136,12.138,Apaddharmanusasana Parva,0.31,,"""Yudhishthira said, 'Thou hast, O bull of Bharata's race, said that th"
12.137,12.139,Apaddharmanusasana Parva,0.41,,"""Yudhishthira said, 'Thou hast laid it down, O mighty one, that no tru"
12.138,12.140,Apaddharmanusasana Parva,0.11,,"""Yudhishthira said, 'When both righteousness and men, O Bharata, decay"
12.139,12.141,Apaddharmanusasana Parva,0.44,,"""Yudhishthira said, 'When the high righteousness suffers decay and is "
12.140,12.142,Apaddharmanusasana Parva,0.19,,"""Yudhishthira said, 'If that which is so horrible and which like false"
12.141,12.143;12.144;12.145,Apaddharmanusasana Parva,0.12,,"""Yudhishthira said, 'O grandsire, O thou of great wisdom, O thou that "
12.142,12.146,Apaddharmanusasana Parva,0.06,,"""Bhishma said, 'Hearing these words fraught with morality and reason t"
12.143,12.147,Apaddharmanusasana Parva,0.00,,"""Bhishma said, 'The fowler, seeing the pigeon fall into the fire, beca"
12.144,12.148,Apaddharmanusasana Parva,0.00,,"""Bhishma said, 'After the fowler had left that spot, the she-pigeon, r"
12.145,12.149,Apaddharmanusasana Parva,0.21,,"""Bhishma said, 'The fowler, O king, happened to see that pair while se"
12.146,12.150,Apaddharmanusasana Parva,0.26,,"""Yudhishthira said, 'O best of the Bharatas, when a person commits sin"
12.147,12.151,Apaddharmanusasana Parva,0.22,,"""Bhishma said, 'Thus addressed, Janamejaya replied unto the sage, sayi"
12.148,12.152,Apaddharmanusasana Parva,0.32,,"""Saunaka said, 'I shall for these reasons discourse to thee of righteo"
12.149,12.153,Apaddharmanusasana Parva,0.18,,"""Yudhishthira said, 'Hast thou, O grandsire, ever seen or heard of any"
12.150,12.154;12.155,Apaddharmanusasana Parva,0.29,,"""Yudhishthira said, ""If a person, weak, worthless, and light-hearted, "
12.151,12.156;12.157,Apaddharmanusasana Parva,0.45,,"""Bhishma continued, 'Having said these words unto the Salmali. that fo"
12.152,12.158,Apaddharmanusasana Parva,0.12,,"""Yudhishthira said, 'I desire, O bull of Bharata's race, to hear in de"
12.153,12.159,Apaddharmanusasana Parva,0.53,,"""Yudhishthira said, 'Thou hast said, O grandsire, that the foundation "
12.154,12.160,Apaddharmanusasana Parva,0.08,,"""Yudhishthira said, 'O grandsire, O thou of virtuous soul, what, indee"
12.155,12.161,Apaddharmanusasana Parva,0.01,,"""Bhishma said, 'They that are possessed of knowledge say that everythi"
12.156,12.162,Apaddharmanusasana Parva,0.02,,"""Yudhishthira said, 'Brahmanas and Rishis and Pitris and the gods all "
12.157,12.163,Apaddharmanusasana Parva,0.03,,"""Yudhishthira said, 'Tell me, O thou of great wisdom, everything about"
12.158,12.164,Apaddharmanusasana Parva,0.11,,"""Yudhishthira said, 'I know what benevolence is, in consequence of my "
12.159,12.165,Apaddharmanusasana Parva,0.21,,"""Bhishma said, 'For enabling such pious and impoverished Brahmanas as "
12.160,12.166,Apaddharmanusasana Parva,0.55,,"""Vaisampayana said, 'Upon the completion of this discourse, Nakula who"
12.161,12.167,Apaddharmanusasana Parva,0.18,,"""Vaisampayana said, 'When Bhishma, after having said this, became sile"
12.162,12.168,Apaddharmanusasana Parva,0.25,,"""Yudhishthira said, 'O grandsire, O thou that art possessed of great w"
12.163,12.169,Apaddharmanusasana Parva,0.38,,"""Bhishma said, 'After that night had passed away and that best of Brah"
12.164,12.170,Apaddharmanusasana Parva,0.43,,"""Bhishma said, 'Hearing these sweet words, Gautama became filled with "
12.165,12.171,Apaddharmanusasana Parva,0.14,,"""Bhishma said, 'Led into a spacious apartment, Gautama was introduced "
12.166,12.172,Apaddharmanusasana Parva,0.45,,"""Bhishma said, 'There, under that banian, for the protection of his gu"
12.167,12.173,Apaddharmanusasana Parva,0.50,,"""Bhishma said, 'The Rakshasa king then caused a funeral pyre to be mad"
12.168,12.174,Mokshadharma Parva,0.29,,"""YUDHISHTHIRA SAID, 'THOU hast, O grandsire, discoursed upon the auspi"
12.169,12.175,Mokshadharma Parva,0.03,,"""Yudhishthira said, 'Time, which is destructive of every created thing"
12.170,12.176,Mokshadharma Parva,0.00,,"""Yudhishthira said, 'Tell me, O grandsire, whence and how happiness an"
12.171,12.177;12.178,Mokshadharma Parva,0.22,,"""Yudhishthira said, 'If any person, desiring to accomplish acts (of ch"
12.172,12.179,Mokshadharma Parva,0.40,,"""Yudhishthira said, 'O thou that art conversant with the conduct of me"
12.173,12.180,Mokshadharma Parva,0.34,,"""Yudhishthira said, 'Which of these, O grandsire, viz., kinsmen, or ac"
12.174,12.181,Mokshadharma Parva,0.00,,"""Yudhishthira said, 'Tell me, O grandsire, if gifts, sacrifices, penan"
12.175,12.182,Mokshadharma Parva,0.14,,"""Yudhishthira said, 'Whence has this universe consisting of mobile and"
12.176,12.183,Mokshadharma Parva,0.06,,"""Bharadwaja said, 'Tell me, O best of Brahmanas, how the puissant Brah"
12.177,12.184,Mokshadharma Parva,0.29,,"""Bharadwaja said, 'When the high-souled Brahman has created thousands "
12.178,12.185,Mokshadharma Parva,0.44,,"""Bharadwaja said, 'How does bodily fire or heat, entering the body, re"
12.179,12.186,Mokshadharma Parva,0.00,,"""Bharadwaja said, 'If it is the wind that keeps us alive, if it is the"
12.180,12.187,Mokshadharma Parva,0.08,,"""Bhrigu said, 'There is no destruction of the living creature, or of w"
12.181,12.188,Mokshadharma Parva,0.34,,"""Bhrigu said, 'Brahman first created a few Brahmanas who came to be ca"
12.182,12.189,Mokshadharma Parva,0.25,,"""Bharadwaja said, 'By what acts does one become a Brahmana? By what, a"
12.183,12.190,Mokshadharma Parva,0.05,,"""Bhrigu said, 'Truth is Brahma; Truth is Penance; it is Truth that cre"
12.184,12.191,Mokshadharma Parva,0.01,,"""Bharadwaja said, 'What has been said to be the consequence of gift? W"
12.185,12.192,Mokshadharma Parva,0.22,,"""Bhrigu said, 'Forest recluses seeking the acquisition of virtue go to"
12.186,12.193,Mokshadharma Parva,0.14,,"""Yudhishthira said, 'I think, O grandsire, that thou art acquainted wi"
12.187,12.194,Mokshadharma Parva,0.05,,"""Yudhishthira said, 'Tell me, O grandsire, what and of what nature is "
12.188,12.195,Mokshadharma Parva,0.15,,"""Bhishma said, 'I shall now, O son of Pritha, discourse to thee upon t"
12.189,12.196,Mokshadharma Parva,0.05,,"""Yudhishthira said, 'Thou hast discoursed on the four modes of life an"
12.190,12.197,Mokshadharma Parva,0.00,,"""Yudhishthira said, 'Thou hast said that as regards Reciters, they obt"
12.191,12.198,Mokshadharma Parva,0.19,,"""Yudhishthira said, 'Tell me what description of hell is obtained by a"
12.192,12.199,Mokshadharma Parva,0.24,,"""Yudhishthira said, 'Thou hadst referred to the dispute between Time, "
12.193,12.200,Mokshadharma Parva,0.31,,"""Yudhishthira said, 'Tell me, O grandsire, what reply was given by eit"
12.194,12.201,Mokshadharma Parva,0.25,,"""Yudhishthira said, 'What are the fruits of the yoga represented by Kn"
12.195,12.202,Mokshadharma Parva,0.00,,"""Manu said, 'From that eternal and undeteriorating One first sprang Sp"
12.196,12.203,Mokshadharma Parva,0.18,,"""Manu said, 'The mind united with the senses, recollects after a long "
12.197,12.204,Mokshadharma Parva,0.00,,"""Manu said, 'As in a dream this manifest (body) lies (inactive) and th"
12.198,12.205,Mokshadharma Parva,0.06,,"""Manu said, 'Upon the appearance of the physical and mental sorrow, on"
12.199,12.206,Mokshadharma Parva,0.03,,"""Manu said, 'When the fivefold attributes are united with the five sen"
12.200,12.207,Mokshadharma Parva,0.49,,"""Yudhishthira said, 'O grandsire, O thou of great wisdom, I desire to "
12.201,12.208,Mokshadharma Parva,0.48,,"""Yudhishthira asked, 'Who were the first Prajapatis, O bull of Bharata"
12.202,12.209,Mokshadharma Parva,0.27,,"""Yudhishthira said, 'O grandsire, O thou of great wisdom and invincibl"
12.203,12.210,Mokshadharma Parva,0.15,,"""Yudhishthira said, 'Tell me, O sire, of that high yoga by which, O Bh"
12.204,12.211,Mokshadharma Parva,0.00,,"""Bhishma said, 'All immobile and mobile beings, distributed into four "
12.205,12.212,Mokshadharma Parva,0.00,,"""Bhishma said, 'Persons engaged in the practice of acts regard the pra"
12.206,12.213,Mokshadharma Parva,0.09,,"""Bhishma said, 'From the attribute of Passion arises delusion or loss "
12.207,12.214,Mokshadharma Parva,0.41,,"""Bhishma said, 'I shall now tell thee what the means are (for conqueri"
12.208,12.215,Mokshadharma Parva,0.01,,"""Bhishma said, 'Living creatures, by being attached to objects of the "
12.209,12.216,Mokshadharma Parva,0.11,,"""Bhishma said, 'The yogin who wishes to always practise sinless Brahma"
12.210,12.217,Mokshadharma Parva,0.18,,"""Bhishma said, 'He cannot be said to know Brahma who does not know the"
12.211,12.218,Mokshadharma Parva,0.33,,"""Yudhishthira said, 'By following what conduct, O thou that art conver"
12.212,12.219,Mokshadharma Parva,0.10,,"""Bhishma said, 'Janadeva of the race of Janaka, thus instructed by the"
12.213,12.220,Mokshadharma Parva,0.06,,"""Yudhishthira said, 'By doing what does one acquire happiness, and wha"
12.214,12.221,Mokshadharma Parva,0.09,,"""Yudhishthira said, 'The three regenerate classes, who are given to sa"
12.215,12.222,Mokshadharma Parva,0.13,,"""Yudhishthira said, 'In this world, O Bharata, acts good and bad attac"
12.216,12.223,Mokshadharma Parva,0.15,,"""Yudhishthira said, 'Tell me, O grandsire, by adopting what sort of in"
12.217,12.224,Mokshadharma Parva,0.12,,"""Bhishma said, 'Once more, laughing at Vali who was sighing like a sna"
12.218,12.225,Mokshadharma Parva,0.10,,"""Bhishma said, 'After this, he of hundred sacrifices beheld the goddes"
12.219,12.226,Mokshadharma Parva,0.21,,"""Bhishma said, 'In this connection is also cited the old narrative of "
12.220,12.227,Mokshadharma Parva,0.36,,"""Yudhishthira said, 'What, indeed, is good for a man that is sunk in d"
12.221,12.228,Mokshadharma Parva,0.22,,"""Yudhishthira said, 'Tell me, O grandsire, the indications of future g"
12.222,12.229,Mokshadharma Parva,0.59,,"""Yudhishthira said, 'By what disposition, what course of duties, what "
12.223,12.230,Mokshadharma Parva,0.32,,"""Yudhishthira said, 'What man is there who is dear to all, who gladden"
12.224,12.231;12.232,Mokshadharma Parva,0.30,,"""Yudhishthira said, 'I desire, O thou of Kuru's race, to know what the"
12.225,12.233,Mokshadharma Parva,0.20,,"""Vyasa said, 'I shall now tell thee, how, when his day is gone and his"
12.226,12.234,Mokshadharma Parva,0.41,,"""Vyasa said, 'Thou hadst asked me about the Creation of all beings; I "
12.227,12.235,Mokshadharma Parva,0.04,,"""Vyasa said, 'The knowledge called Trayi which occurs in the Vedas and"
12.228,12.236,Mokshadharma Parva,0.14,,"""Vyasa said, 'If Emancipation be desirable, then knowledge should be a"
12.229,12.237,Mokshadharma Parva,0.12,,"""Vyasa said, 'Borne up and down in life's ocean, he that is capable of"
12.230,12.238,Mokshadharma Parva,0.17,,"""Vyasa said, 'These, then, are the obligatory acts ordained for Brahma"
12.231,12.239,Mokshadharma Parva,0.05,,"""Bhishma said, 'Thus addressed (by his sire), Suka, highly applauding "
12.232,12.240,Mokshadharma Parva,0.10,,"""Vyasa said, 'O excellent son, asked by thee, I have told thee truly w"
12.233,12.241,Mokshadharma Parva,0.21,,"""Suka said, 'The declarations of the Vedas are twofold. They once Jay "
12.234,12.242,Mokshadharma Parva,0.23,,"""Suka said, 'I have now understood that there are two kinds of creatio"
12.235,12.243,Mokshadharma Parva,0.13,,"""Vyasa said, 'Observant of meritorious vows, the householder, for the "
12.236,12.244,Mokshadharma Parva,0.29,,"""Bhishma said, ""Though hast been told what the duties of domesticity a"
12.237,12.245,Mokshadharma Parva,0.01,,"""Suka said, 'While living in the due observance of the duties of the f"
12.238,12.246,Mokshadharma Parva,0.06,,"""Vyasa said, 'The Jiva-soul is endued with all those entities that are"
12.239,12.247,Mokshadharma Parva,0.28,,"""Suka said, 'O illustrious one, O foremost of Rishis, once again disco"
12.240,12.248,Mokshadharma Parva,0.10,,"""Vyasa said, 'The mind creates (within itself) numerous ideas (of obje"
12.241,12.249,Mokshadharma Parva,0.08,,"""Vyasa said, 'The objects by which one is surrounded are created by th"
12.242,12.250,Mokshadharma Parva,0.02,,"""Suka said, 'Let thy reverence tell me of that which is the foremost o"
12.243,12.251,Mokshadharma Parva,0.10,,"""Vyasa said, 'One should not show any affection for scents and tastes "
12.244,12.252,Mokshadharma Parva,0.06,,"""Vyasa said, 'Unto a disciple that wishes to enquire after Emancipatio"
12.245,12.253,Mokshadharma Parva,0.06,,"""Vyasa said, 'Those that are conversant with the scriptures behold, wi"
12.246,12.254,Mokshadharma Parva,0.05,,"""Vyasa said, 'There is a wonderful tree, called Desire, in the heart o"
12.247,12.255,Mokshadharma Parva,0.00,,"""Bhishma said, 'Do thou, O son, O sinless one, listen once more, with "
12.248,12.256,Mokshadharma Parva,0.24,,"""Yudhishthira said, 'These lords of earth that lie on the earth's surf"
12.249,12.257,Mokshadharma Parva,0.17,,"""Sthanu said, 'Know, O lord, that my solicitations to thee are on beha"
12.250,12.258,Mokshadharma Parva,0.15,,"""Narada said, 'The large-eyed lady, controlling her grief by an effort"
12.251,12.259,Mokshadharma Parva,0.09,,"""Yudhishthira said, 'All men that inhabit this earth are filled with d"
12.252,12.260,Mokshadharma Parva,0.15,,"""Yudhishthira said, 'Thou sayest that righteousness or duty depends up"
12.253,12.261,Mokshadharma Parva,0.65,,"""Bhishma said, 'In this connection is cited the old narrative of the c"
12.254,12.262,Mokshadharma Parva,0.28,,"""Bhishma said, 'Thus addressed by the intelligent Tuladhara on that oc"
12.255,12.263,Mokshadharma Parva,0.12,,"""Jajali said, 'This course of duty that thou, O holder of scales, prea"
12.256,12.264,Mokshadharma Parva,0.25,,"""Tuladhara said, 'See with thy own eyes, O Jajali, who, viz., those th"
12.257,12.265,Mokshadharma Parva,0.24,,"""Bhishma said, 'In this connection is cited an old narrative of what w"
12.258,12.266,Mokshadharma Parva,0.20,,"""Yudhishthira said, 'Thou, O grandsire, art our highest preceptor in t"
12.259,12.267,Mokshadharma Parva,0.37,,"""Yudhishthira said, 'How, indeed, should the king protect his subjects"
12.260,12.268,Mokshadharma Parva,0.27,,"""Yudhishthira said, 'Thou hast already explained to me, O grandsire, h"
12.261,12.269,Mokshadharma Parva,0.27,,"""Kapila said, 'Beholding that all the fruits that are attainable by ac"
12.262,12.270,Mokshadharma Parva,0.07,,"""Kapila said, 'The Vedas are regarded as authoritative by all. People "
12.263,12.271,Mokshadharma Parva,0.48,,"""Yudhishthira said, 'The Vedas, O Bharata, discourse of Religion. Prof"
12.264,12.272,Mokshadharma Parva,0.41,,"""Yudhishthira said, 'Amongst the diverse kinds of sacrifices, all of w"
12.265,12.273,Mokshadharma Parva,0.03,,"""Yudhishthira said, 'By what means doth a man become sinful, by what d"
12.266,12.274,Mokshadharma Parva,0.07,,"""Yudhishthira said, 'Thou hast said, O grandsire, the Emancipation is "
12.267,12.275,Mokshadharma Parva,0.24,,"""Bhishma said, 'In this connection is cited the old narrative of the d"
12.268,12.276,Mokshadharma Parva,0.55,,"""Yudhishthira said, 'Cruel and sinful that we are, alas, we have slain"
12.269,12.277,Mokshadharma Parva,0.02,,"""Yudhishthira said, 'Time, that is fraught, with terror unto all creat"
12.270,12.278;12.279,Mokshadharma Parva,0.33,,"""Yudhishthira said, 'Of what behaviour must a man be, of what acts, of"
12.271,12.280,Mokshadharma Parva,0.28,,"""Usanas said, 'I bow to that divine and illustrious and puissant Being"
12.272,12.281,Mokshadharma Parva,0.50,,"""Yudhishthira said, 'How great was the love of virtue possessed by Vri"
12.273,12.282,Mokshadharma Parva,0.31,,"""Bhishma said, 'Listen, O king, to me as I tell thee the symptoms that"
12.274,12.283;12.284;12.285,Mokshadharma Parva,0.36,,"""Yudhishthira said, 'O grandsire, thou art possessed of great wisdom a"
12.275,12.286;12.287,Mokshadharma Parva,0.21,,"""Yudhishthira said, 'Tell me, O grandsire, what is Adhyatma with respe"
12.276,12.288,Mokshadharma Parva,0.34,,"""Yudhishthira said, 'Tell me, O grandsire, what is beneficial for one "
12.277,12.289,Mokshadharma Parva,0.30,,"""Yudhishthira said, 'How, O grandsire, should a king like us behave in"
12.278,12.290,Mokshadharma Parva,0.43,,"""Yudhishthira said, 'This curiosity, O sire, is always dwelling in my "
12.279,12.291,Mokshadharma Parva,0.13,,"""Yudhishthira said, 'O thou of mighty arms, tell me, after this what i"
12.280,12.292,Mokshadharma Parva,0.04,,"""Parasara said, 'That man who, having obtained this car, viz., his bod"
12.281,12.293,Mokshadharma Parva,0.40,,"""Parasara said, 'Nobody in this world does good to another. Nobody is "
12.282,12.294,Mokshadharma Parva,0.25,,"""Parasara said, 'The lowest order, it is proper, should derive their s"
12.283,12.295,Mokshadharma Parva,0.30,,"""Parasara said, 'In the Brahmana, wealth acquired by acceptance of gif"
12.284,12.296,Mokshadharma Parva,0.13,,"""Parasara said, 'I have now discoursed to thee on what the ordinances "
12.285,12.297,Mokshadharma Parva,0.48,,"""Janaka said, 'Whence, O great Rishi, does this difference of colour a"
12.286,12.298,Mokshadharma Parva,0.17,,"""Parasara said, 'The sires, the friends, the preceptor, and the spouse"
12.287,12.299,Mokshadharma Parva,0.10,,"""Bhishma said, 'Once again Janaka, the ruler of Mithila, questioned th"
12.288,12.300,Mokshadharma Parva,0.18,,"""Yudhishthira said, 'O grandsire, learned men praise truth, self-restr"
12.289,12.301,Mokshadharma Parva,0.19,,"""Yudhishthira said, 'It behoveth thee to explain to me, O sire, what t"
12.290,12.302,Mokshadharma Parva,0.26,,"YUDHISHTHIRA SAID, 'O king thou hast duly propounded unto me, in the w"
12.291,12.303,Mokshadharma Parva,0.28,,"""Yudhishthira said, 'What is that which is called Undeteriorating and "
12.292,12.304,Mokshadharma Parva,0.21,,"""'Vasishtha said, 'Thus in consequence of his forgetfulness the Soul f"
12.293,12.305,Mokshadharma Parva,0.13,,"""'Vasishtha said, 'It is thus, in consequence of his Ignorance and his"
12.294,12.306;12.307,Mokshadharma Parva,0.34,,"'""Janaka said, O holy one, it has been said that the relation between "
12.295,12.308,Mokshadharma Parva,0.32,,"""'Vasishtha said, I have thus far discoursed to thee on the Sankhya ph"
12.296,12.309,Mokshadharma Parva,0.15,,"""'Vasishtha said, Listen now to me as I discourse to thee on Buddhas ("
12.297,12.310,Mokshadharma Parva,0.29,,"""Bhishma said, 'Once on a time a king of Janaka's race, while ranging "
12.298,12.311,Mokshadharma Parva,0.18,,"""Yudhishthira said, 'It behoveth thee, O grandsire, to discourse to me"
12.299,12.312,Mokshadharma Parva,0.17,,"""Yajnavalkya said, Listen to me, O foremost of men, as I tell thee wha"
12.300,12.313,Mokshadharma Parva,0.18,,"""Yajnavalkya said, I have, one after another, told thee the order of t"
12.301,12.314,Mokshadharma Parva,0.56,,"'Yajnavalkya said, Brahmanas conversant with the topics of enquiry spe"
12.302,12.315,Mokshadharma Parva,0.36,,"""'Yajnavalkya said, These three, O foremost of men, (viz., Sattwa, Raj"
12.303,12.316,Mokshadharma Parva,0.23,,"""'Yajnavalkya said, That which is without attributes, O son, can never"
12.304,12.317,Mokshadharma Parva,0.16,,"""Yajnavalkya said, I have already spoken to thee of the science of the"
12.305,12.318,Mokshadharma Parva,0.14,,"'Yajnavalkya said, Listen now to me, with attention, O king, as to wha"
12.306,12.319,Mokshadharma Parva,0.38,,"""Yajnavalkya said, 'Thou hast asked me, O monarch, of that Supreme Bra"
12.307,12.320,Mokshadharma Parva,0.45,,"""Yudhishthira said, 'Having acquired great power and great wealth, and"
12.308,12.321,Mokshadharma Parva,0.30,,"""Yudhishthira said, 'Without abandoning the domestic mode of life, O r"
12.309,12.322,Mokshadharma Parva,0.09,,"""Yudhishthira said, 'How was Suka, the son of Vyasa, in days of old, w"
12.310,12.323;12.324,Mokshadharma Parva,0.35,,"""Yudhishthira said, 'If there is any efficacy in gifts, in sacrifices,"
12.311,12.325,Mokshadharma Parva,0.46,,"""Bhishma said. 'The son of Satyavati having obtained this high boon fr"
12.312,12.326,Mokshadharma Parva,0.32,,"""Bhishma said, 'Thinking of Emancipation, Suka approached his sire and"
12.313,12.327,Mokshadharma Parva,0.19,,"""Bhishma said, The next morning, king Janaka, O Bharata, accompanied b"
12.314,12.328,Mokshadharma Parva,0.38,,"""Bhishma said, 'Having heard these words of king Janaka, Suka of clean"
12.315,12.329,Mokshadharma Parva,0.31,,"""Bhishma said, 'Hearing these words of their preceptor, Vyasa's discip"
12.316,12.330,Mokshadharma Parva,0.14,,"""Bhishma said, 'After Vyasa had left the spot, Narada, traversing thro"
12.317,12.331,Mokshadharma Parva,0.00,,"""'Narada said, By listening to such scriptures as are blessed, as brin"
12.318,12.332,Mokshadharma Parva,0.16,,"""'Narada said, When the vicissitudes of happiness and sorrow appear or"
12.319,12.333,Mokshadharma Parva,0.46,,"""Bhishma said, Having ascended the summit of the mountain, O Bharata, "
12.320,12.334,Mokshadharma Parva,0.35,,"""Bhishma said, 'Having spoken in this way (unto all things), the regen"
12.321,12.335,Mokshadharma Parva,0.36,,"""Yudhishthira said, 'If a man be a house-holder or a Brahmacharin, a f"
12.322,12.336,Mokshadharma Parva,0.27,,"""Bhishma said, 'Addressed by Narayana, that foremost of beings, in the"
12.323,12.337,Mokshadharma Parva,0.32,,"""Bhishma said, 'Then upon the expiration of the great Kalpa, when the "
12.324,12.338,Mokshadharma Parva,0.26,,"""Yudhishthira said, 'When the great king Vasu was so wholly devoted to"
12.325,12.339,Mokshadharma Parva,0.17,,"""Bhishma said, 'Arrived at the spacious realm called White Island, the"
12.326,12.340,Mokshadharma Parva,0.47,,"""Bhishma said, 'Thus hymned with names that were not known to others, "
12.327,12.341,Mokshadharma Parva,0.44,,"Saunaka said, How is that illustrious god, viz., the puissant Narayana"
12.328,12.342,Mokshadharma Parva,0.37,,"Janamejaya said, ""O holy one, it behoveth thee to tell me the signific"
12.329,12.343,Mokshadharma Parva,0.38,,"""Arjuna said, 'How did Agni and Shoma, in days of yore, attain to unif"
12.330,12.343,Mokshadharma Parva,0.28,merged,"""Arjuna said, 'How did Agni and Shoma, in days of yore, attain to unif"
12.331,12.344,Mokshadharma Parva,0.31,,"Saunaka said, ""O Sauti, excellent is this narrative which thou hast re"
12.332,12.345,Mokshadharma Parva,0.39,,"""Nara and Narayana said, 'Deserving art thou of the highest praise, an"
12.333,12.346,Mokshadharma Parva,0.50,,"Vaisampayana said, ""On one occasion, while residing in the retreat of "
12.334,12.347,Mokshadharma Parva,0.41,,"Vaisampayana said, 'Having heard these words of Nara and Narayana, the"
12.335,12.348,Mokshadharma Parva,0.24,,"Janamejaya said, 'I have heard from thee the glory of the divine and S"
12.336,12.349,Mokshadharma Parva,0.36,,"Janamejaya said, ""The illustrious Hari becomes gracious unto them that"
12.337,12.350,Mokshadharma Parva,0.41,,"Janamejaya said, ""The Sankhya system, the Pancharatra scriptures, and "
12.338,12.351,Mokshadharma Parva,0.39,,"Janamejaya said, ""O regenerate one, are there many Purushas or is ther"
12.339,12.352,Mokshadharma Parva,0.23,,"'Brahma said,--'Listen, O son, as to how that Purusha is indicated. He"
12.340,12.353,Mokshadharma Parva,0.03,,"""Sauti said, 'After Vaisampayana had explained to king Janamejaya in t"
12.341,12.354,Mokshadharma Parva,0.17,,"""Bhishma said, 'In an excellent town called by the name of Mahapadma w"
12.342,12.354,Mokshadharma Parva,0.08,merged,"""Bhishma said, 'In an excellent town called by the name of Mahapadma w"
12.343,12.355,Mokshadharma Parva,0.28,,"""The guest continued, 'For all that, O Brahmana, I shall endeavour to "
12.344,12.356,Mokshadharma Parva,0.01,,"""The host replied, 'I have heard these words of thine, that are so con"
12.345,12.357,Mokshadharma Parva,0.29,,"""Bhishma said, 'Proceeding by many delightful forests and lakes and sa"
12.346,12.358,Mokshadharma Parva,0.29,,"""Bhishma continued, 'The Nagas of that city became exceedingly distres"
12.347,12.359,Mokshadharma Parva,0.22,,"""Bhishma said, 'Upon the expiry of the period of full fifteen days, th"
12.348,12.360,Mokshadharma Parva,0.13,,"""The Naga said, 'O thou of sweet smiles, for whom hast thou taken that"
12.349,12.361,Mokshadharma Parva,0.43,,"""Bhishma said, 'Having said these words unto his dear spouse, the chie"
12.350,12.362,Mokshadharma Parva,0.35,,"""The Brahmana said, 'Thou goest away for dragging the one-wheeled car "
12.351,12.363,Mokshadharma Parva,0.23,,"""Surya said, 'This Being is not the god of fire, he is not an Asura. N"
12.352,12.364,Mokshadharma Parva,0.00,,[NOTE: There was no section CCCLXIV in the source edition.--JBH] Note 
12.353,12.365,Mokshadharma Parva,0.17,,"""The Brahmana said, 'Without doubt, this is very wonderful, O Naga, I "
13.1,13.1,Anusasanika Parva,0.37,,"OM! HAVING BOWED down unto Narayana, and Nara the foremost of male bei"
13.2,13.2,Anusasanika Parva,0.45,,"""Yudhishthira said, 'O grandsire, O wisest of men, O thou that art lea"
13.3,13.3,Anusasanika Parva,0.43,,"""Yudhishthira said, 'If, O prince, Brahmanahood be so difficult of att"
13.4,13.4,Anusasanika Parva,0.50,,"""Bhishma said, 'Listen truly in detail, O son of Pritha, how in olden "
13.5,13.5,Anusasanika Parva,0.43,,"""Yudhishthira said, 'O thou that knowest the truths of religion, I wis"
13.6,13.6,Anusasanika Parva,0.20,,"""Yudhishthira said, 'Tell me, O learned sire that art versed in all th"
13.7,13.7,Anusasanika Parva,0.08,,"""Yudhishthira said, 'O the best of Bharata's race and the foremost of "
13.8,13.8,Anusasanika Parva,0.12,,"""Yudhishthira said, 'Who are deserving of worship? Who are they unto w"
13.9,13.9,Anusasanika Parva,0.08,,"""Yudhisthira said, 'O grandsire, O thou of great splendour, what do th"
13.10,13.10,Anusasanika Parva,0.24,,"""Yudhisthira said, 'I wish to know, O royal sage, whether any fault is"
13.11,13.11,Anusasanika Parva,0.37,,"""Yudhishthira said, 'Tell me, O grandsire, in what kind of man or woma"
13.12,13.12,Anusasanika Parva,0.19,,"""Yudhishthira said, 'It behoveth, O king to tell me truly which of the"
13.13,13.13,Anusasanika Parva,0.00,,"""Yudhishthira said, 'What should a man do in order to pass pleasantly "
13.14,13.14,Anusasanika Parva,0.36,,"""Yudhishthira said, 'O son of the River Ganga, thou hast heard all the"
13.15,13.15,Anusasanika Parva,0.20,,"""The blessed Krishna said, 'Bowing my head with great joy unto that ma"
13.16,13.16,Anusasanika Parva,0.28,,"""Upamanyu said, 'There was in the Krita age, O sire, a Rishi celebrate"
13.17,13.17,Anusasanika Parva,0.24,,"""Vasudeva said, 'Concentrating his mind, O Yudhishthira. the regenerat"
13.18,13.18,Anusasanika Parva,0.24,,"""Vaisampayana said, 'After Vasudeva had ceased to speak, the great Yog"
13.19,13.18,Anusasanika Parva,0.04,merged,"""Vaisampayana said, 'After Vasudeva had ceased to speak, the great Yog"
13.20,13.19,Anusasanika Parva,0.36,,"""Yudhishthira said, 'I ask, O chief of Bharata's race, what is the ori"
13.21,13.20,Anusasanika Parva,0.01,,"""Bhishma said, 'Thus commanded, the lady said,--Be it so. She then bro"
13.22,13.21,Anusasanika Parva,0.32,,"""Yudhishthira said, 'Tell me why had that lady no fear of Ashtavakra's"
13.23,13.22,Anusasanika Parva,0.20,,"""Yudhishthira said, 'Whom do the eternal Brahmanas strictly observing "
13.24,13.23,Anusasanika Parva,0.30,,"""Yudhishthira said, 'I desire thee, O grandsire, to tell me what the o"
13.25,13.24,Anusasanika Parva,0.20,,"""Yudhishthira said, 'O royal son of Bharata's race, it behoveth thee t"
13.26,13.25,Anusasanika Parva,0.42,,"""Yudhishthira said, 'It has been said that sojourns to sacred waters a"
13.27,13.26,Anusasanika Parva,0.41,,"""Vaisampayana said,--'Equal unto Vrihaspati in intelligence and Brahma"
13.28,13.27,Anusasanika Parva,0.50,,"""Yudhishthira said, 'Thou O grandsire, art endued with wisdom and know"
13.29,13.28,Anusasanika Parva,0.22,,"""Bhishma said, 'Thus addressed by Indra, Matanga of restrained vows an"
13.30,13.29,Anusasanika Parva,0.44,,"""Bhishma said, 'Thus advised by Indra, Matanga, observant of vows, ref"
13.31,13.30,Anusasanika Parva,0.49,,"""Yudhishthira said, 'I have heard this great narrative, O perpetuator "
13.32,13.31,Anusasanika Parva,0.41,,"""Yudhishthira said, 'What men, O chief of Bharata's race, are worthy o"
13.33,13.32;13.33,Anusasanika Parva,0.25,,"""Yudhishthira said,--'O grandsire, O thou of great wisdom, O thou that"
13.34,13.34,Anusasanika Parva,0.27,,"""Bhishma said, 'One should always offer the most reverent worship unto"
13.35,13.35,Anusasanika Parva,0.32,,"""Bhishma said, 'O blessed king, Brahmana, by birth alone, becomes an o"
13.36,13.36,Anusasanika Parva,0.12,,"""Bhishma said, 'In this connection is cited the old history of the dis"
13.37,13.37,Anusasanika Parva,0.21,,"""Yudhishthira said, 'Which amongst these three persons, O grandsire, s"
13.38,13.38,Anusasanika Parva,0.28,,"""Yudhishthira said, 'O best of the Bharatas, I wish to hear thee disco"
13.39,13.39,Anusasanika Parva,0.04,,"""Yudhishthira said, 'All men, O king, in this world, are seen to attac"
13.40,13.40,Anusasanika Parva,0.35,,"""Bhishma said, 'It is even so as thou sayest, O thou of mighty arms. T"
13.41,13.41,Anusasanika Parva,0.41,,"'Bhishma said, One day the chief of the celestials assuming a form of "
13.42,13.42,Anusasanika Parva,0.62,,"""Bhishma said, 'Having accomplished his preceptor's behest, Vipula pra"
13.43,13.43,Anusasanika Parva,0.19,,"""Bhishma said, 'Beholding his disciple returned from his mission, Deva"
13.44,13.44,Anusasanika Parva,0.32,,"""Yudhishthira said, ""Tell me of that, O grandsire, which is the root o"
13.45,13.45,Anusasanika Parva,0.36,,"""Yudhishthira said, 'If a person, after having given dowry for a maide"
13.46,13.46,Anusasanika Parva,0.29,,"""Bhishma said, They that are conversant with ancient history recite th"
13.47,13.47,Anusasanika Parva,0.36,,"""Yudhishthira said, 'Thou art fully conversant with the ordinances of "
13.48,13.48,Anusasanika Parva,0.44,,"""Yudhishthira said, 'Through inducements offered by wealth, or through"
13.49,13.49,Anusasanika Parva,0.56,,"""Bhishma said, 'A person that is born of an irregular union presents d"
13.50,13.50,Anusasanika Parva,0.36,,"""Yudhishthira said, 'What is the nature of the compassion or pity that"
13.51,13.51,Anusasanika Parva,0.50,,"""Bhishma said, 'King Nahusha hearing the pass to which Chyavana was re"
13.52,13.52,Anusasanika Parva,0.43,,"""Yudhishthira said, 'O thou of great wisdom, a doubt I have that is ve"
13.53,13.53,Anusasanika Parva,0.30,,"""Yudhishthira said, 'After the Rishi had disappeared, what did the kin"
13.54,13.54,Anusasanika Parva,0.49,,"""Bhishma said, 'When that night passed away, the high-souled king Kusi"
13.55,13.55,Anusasanika Parva,0.07,,"""Chyavana said, 'Do thou accept a boon from me. Do thou also, O chief "
13.56,13.56,Anusasanika Parva,0.39,,"""Chyavana said, 'I should certainly, O chief of men, tell you everythi"
13.57,13.57,Anusasanika Parva,0.31,,"""Yudhishthira said, 'Hearing thy words I become stupefied, O grandsire"
13.58,13.58;13.59,Anusasanika Parva,0.16,,"""Yudhishthira said, 'I desire, O chief of the Bharatas, to hear from t"
13.59,13.60,Anusasanika Parva,0.12,,"""Yudhishthira said, 'Unto which of two Brahmanas, when both happen to "
13.60,13.61,Anusasanika Parva,0.13,,"""Yudhishthira said, 'I wish to know in detail, O Bharata, where one me"
13.61,13.62,Anusasanika Parva,0.18,,"""Yudhishthira said, 'People accept with affection the declarations of "
13.62,13.63,Anusasanika Parva,0.06,,"""Yudhishthira said, 'When a king becomes desirous of making gifts in t"
13.63,13.64,Anusasanika Parva,0.43,,"""Yudhishthira said, 'I have heard the discourse regarding the ordinanc"
13.64,13.65,Anusasanika Parva,0.20,,"""Bhishma said, 'The illustrious Atri, the son of the Grandsire Brahman"
13.65,13.66,Anusasanika Parva,0.34,,"""Yudhishthira said, 'I desire to hear, O grandsire, what the merits ar"
13.66,13.67,Anusasanika Parva,0.35,,"""Yudhishthira said, 'I have heard, O sire, of the merits of the differ"
13.67,13.68,Anusasanika Parva,0.58,,"""Yudhishthira said, 'Do thou discourse to me once again, O grandsire, "
13.68,13.69,Anusasanika Parva,0.19,,"""Yudhishthira said, 'Do thou, O foremost one of Kuru's race, discourse"
13.69,13.70,Anusasanika Parva,0.50,,"""Bhishma said, 'In this connection, O perpetuator of Kuru's race, is r"
13.70,13.71,Anusasanika Parva,0.45,,"''Yudhishthira said, V sinless one, do thou discourse to me more in de"
13.71,13.72,Anusasanika Parva,0.21,,"""Yudhishthira said, 'Thou hast, O grandsire, discoursed to me the topi"
13.72,13.73,Anusasanika Parva,0.24,,"""The Grandsire said, 'The questions thou hast asked me in respect of k"
13.73,13.74,Anusasanika Parva,0.47,,"""Indra said, 'I wish to know, O Grandsire, what the end is that is att"
13.74,13.75,Anusasanika Parva,0.22,,"""Yudhishthira said, 'I have been greatly assured, O thou of puissance,"
13.75,13.76,Anusasanika Parva,0.18,,"""Yudhishthira said, 'I desire, O king, to hear thee discourse in detai"
13.76,13.77,Anusasanika Parva,0.37,,"""Vaisampayana said, 'King Yudhishthira endued with humility, once agai"
13.77,13.78,Anusasanika Parva,0.32,,"""Bhishma said, 'In days of yore, king Saudasa born of Ikshvaku's race,"
13.78,13.79,Anusasanika Parva,0.22,,"""Vasishtha said, 'The kine that had been created in a former age pract"
13.79,13.80,Anusasanika Parva,0.13,,"""Vasishtha said, 'Kine are yielders of ghee and milk. They are the sou"
13.80,13.81,Anusasanika Parva,0.29,,"""Yudhishthira said, 'Tell me, O grandsire, what is that which is the m"
13.81,13.82,Anusasanika Parva,0.05,,"""Yudhishthira said, 'I have heard that the dung of the cow is endued w"
13.82,13.83,Anusasanika Parva,0.33,,"""Bhishma said, 'They who make gifts of kine, and who subsist upon the "
13.83,13.84,Anusasanika Parva,0.28,,"""Yudhishthira said, 'Thou hast, O grandsire, discoursed to me on the g"
13.84,13.84,Anusasanika Parva,0.17,merged,"""Yudhishthira said, 'Thou hast, O grandsire, discoursed to me on the g"
13.85,13.85,Anusasanika Parva,0.36,,"'The Deities said, 'The Asura named Taraka who has received boons from"
13.86,13.86,Anusasanika Parva,0.43,,"""Yudhishthira said, 'Thou hast, O grandsire, discoursed to me, in deta"
13.87,13.87,Anusasanika Parva,0.30,,"""Yudhishthira said, 'Thou hast discoursed to me, O thou of righteous s"
13.88,13.88,Anusasanika Parva,0.40,,"""Yudhishthira said, 'O thou of great puissance, tell me what that obje"
13.89,13.89,Anusasanika Parva,0.52,,"""Bhishma continued, 'Listen to me, O Yudhishthira, as I tell thee what"
13.90,13.90,Anusasanika Parva,0.35,,"""Yudhishthira said, 'It behoves thee, O foremost one of Kuru's race, t"
13.91,13.91,Anusasanika Parva,0.34,,"""Yudhishthira said, 'By whom was the Sraddha first conceived and at wh"
13.92,13.92,Anusasanika Parva,0.37,,"""Bhishma said, 'After Nimi had acted in the way described above, all t"
13.93,13.92,Anusasanika Parva,0.02,merged,"""Bhishma said, 'After Nimi had acted in the way described above, all t"
13.94,13.92,Anusasanika Parva,0.05,merged,"""Bhishma said, 'After Nimi had acted in the way described above, all t"
13.95,13.93,Anusasanika Parva,0.45,,"""Yudhishthira said, 'If Brahmanas that are in the observance of a vow "
13.96,13.94,Anusasanika Parva,0.40,,"""Bhishma said, ""In this connection is cited the old history of the oat"
13.97,13.95,Anusasanika Parva,0.43,,"""Yudhishthira said, 'O chief of Bharata's rare, by whom was the custom"
13.98,13.96,Anusasanika Parva,0.39,,"""Yudhishthira said, 'What did that foremost of ascetics, viz., Jamadag"
13.99,13.96,Anusasanika Parva,0.05,merged,"""Yudhishthira said, 'What did that foremost of ascetics, viz., Jamadag"
13.100,13.97,Anusasanika Parva,0.21,,"""Yudhishthira said, 'O foremost one of Bharata's race, do thou relate "
13.101,13.98,Anusasanika Parva,0.40,,"""Yudhishthira said, 'Of what kind is the gift of light, O chief of Bha"
13.102,13.99,Anusasanika Parva,0.41,,"""Yudhishthira said, 'I have, O chief of the Bharatas, heard what the m"
13.103,13.100,Anusasanika Parva,0.40,,"""Yudhishthira said, 'How was Nahusha plunged into distress? How was he"
13.104,13.101,Anusasanika Parva,0.33,,"""Yudhishthira said, 'Where do those foolish, wretched, and sinful men "
13.105,13.102,Anusasanika Parva,0.39,,"""Yudhishthira said, 'O grandsire, it has been said that all pious men "
13.106,13.103,Anusasanika Parva,0.36,,"""Yudhishthira said, 'Thou hast discoursed to us on diverse kinds of gi"
13.107,13.104,Anusasanika Parva,0.12,,"""Yudhishthira said, 'Man, it is said, is endued with a period of life "
13.108,13.105,Anusasanika Parva,0.38,,"""Yudhishthira said, 'Tell me, O chief of Bharata's race, how the eldes"
13.109,13.106,Anusasanika Parva,0.36,,"""Yudhishthira said, 'The disposition is seen, O grandsire, in all the "
13.110,13.107,Anusasanika Parva,0.34,,"""Yudhishthira said, 'O high-souled grandsire, thou hast duly discourse"
13.111,13.108,Anusasanika Parva,0.52,,"""Yudhishthira said, 'Do thou tell me, O grandsire, of that which is re"
13.112,13.109;13.110;13.111,Anusasanika Parva,0.19,,"""Yudhishthira said, 'It behoveth thee, O grandsire, to tell me what ar"
13.113,13.112,Anusasanika Parva,0.04,,"""Yudhishthira said, 'Thou hast told me, O regenerate one, what the end"
13.114,13.113,Anusasanika Parva,0.03,,"""Yudhishthira said, 'Abstention from injury, the observance of the Ved"
13.115,13.114,Anusasanika Parva,0.08,,"""Vaisampayana said, 'After this, king Yudhishthira, endued with great "
13.116,13.115,Anusasanika Parva,0.19,,"""Yudhishthira said, 'Thou hast told it many times that abstention from"
13.117,13.116,Anusasanika Parva,0.27,,"""Yudhishthira said, 'Alas, those cruel men, who, discarding diverse ki"
13.118,13.117,Anusasanika Parva,0.03,,"""Yudhishthira said, 'Desiring to die or desiring to live, many persons"
13.119,13.118,Anusasanika Parva,0.25,,"""Vyasa said, 'It is in consequence of a meritorious act, O worm, that "
13.120,13.119,Anusasanika Parva,0.18,,"""Bhishma said, 'Having cast off the status of a worm and taken birth a"
13.121,13.120,Anusasanika Parva,0.37,,"""Yudhishthira said, 'Which amongst these three is superior, viz., know"
13.122,13.121,Anusasanika Parva,0.23,,"""Bhishma said, 'Thus addressed by Vyasa, Maitreya, who was a worshippe"
13.123,13.122,Anusasanika Parva,0.45,,"""Bhishma said, 'Thus addressed, the holy one replied unto Maitreya, sa"
13.124,13.123,Anusasanika Parva,0.50,,"""Yudhishthira said, 'O thou that art conversant with all duties, I des"
13.125,13.124;13.125;13.126;13.127,Anusasanika Parva,0.09,,"""Yudhishthira said, 'Which is of superior efficacy, Conciliation or Gi"
13.126,13.128,Anusasanika Parva,0.00,,"""Vayu said, 'I shall recite some duties the observance of which is fra"
13.127,13.129;13.130;13.131;13.132;13.133;13.134,Anusasanika Parva,0.08,,"""Lomasa said, 'The Pitris of those men who, without having wedded wive"
13.128,13.135;13.136;13.137;13.138;13.139;13.140,Anusasanika Parva,0.14,,"""Yudhishthira said, 'Who are those persons, O Bharata, from whom a Bra"
13.129,13.141,Anusasanika Parva,0.17,,"""The blessed and holy one said, 'In days of yore, a blessed woman was "
13.130,13.142,Anusasanika Parva,0.35,,"""Uma said, 'Forest recluses reside in delightful regions, among the sp"
13.131,13.143,Anusasanika Parva,0.28,,"""Uma said, 'O holy one, O thou that didst tear off the eyes of Bhaga a"
13.132,13.144,Anusasanika Parva,0.02,,"""Uma said, 'O holy one, O Lord of all beings, O thou that art worshipp"
13.133,13.145,Anusasanika Parva,0.10,,"""Uma said, 'By what disposition, what conduct, what acts, and what gif"
13.134,13.146,Anusasanika Parva,0.38,,"""Narada said, 'Having said these words, the puissant Mahadeva himself "
13.135,13.147;13.148;13.149;13.150,Anusasanika Parva,0.15,,"""The Rishis said, 'O wielder of Pinaka, O tearer of the eyes of Bhaga,"
13.136,13.151,Anusasanika Parva,0.03,,"""Yudhishthira said, 'Who deserve to be worshipped? Who are they unto w"
13.137,13.152,Anusasanika Parva,0.34,,"""Yudhishthira said, 'Tell us, O king, what is that reward attached to "
13.138,13.153,Anusasanika Parva,0.27,,"""The god of wind said, 'Hear, O deluded man, what the attributes are t"
13.139,13.154,Anusasanika Parva,0.66,,"""The god of wind said, 'Once on a time, O king, a ruler of the name of"
13.140,13.155,Anusasanika Parva,0.47,,"""Bhishma said, ""Thus addressed, king Arjuna remained silent. The god o"
13.141,13.156,Anusasanika Parva,0.61,,"""Bhishma said, 'Thus addressed, Arjuna remained silent. The god of win"
13.142,13.157,Anusasanika Parva,0.59,,"""Bhishma said, 'Hearing these words of the god of wind, Arjuna remaine"
13.143,13.158,Anusasanika Parva,0.39,,"""Yudhishthira said, 'Thou always worshippest, O king, Brahmanas of pra"
13.144,13.159,Anusasanika Parva,0.38,,"""Yudhishthira said, 'Do thou tell us, O slayer of Madhu, what the pros"
13.145,13.160,Anusasanika Parva,0.44,,"""Yudhishthira said, 'It behoveth thee, O slayer of Madhu, to expound t"
13.146,13.161,Anusasanika Parva,0.50,,"""Vasudeva said, 'O mighty-armed Yudhishthira, listen to me as I recite"
13.147,13.161,Anusasanika Parva,0.02,merged,"""Vasudeva said, 'O mighty-armed Yudhishthira, listen to me as I recite"
13.148,13.162,Anusasanika Parva,0.16,,"""Vaisampayana said, 'After Krishna, the son of Devaki, had said these "
13.149,13.168,Anusasanika Parva,0.01,,"""Yudhishthira said, 'It is seen that if a person happens to be unfortu"
13.150,13.164,Anusasanika Parva,0.00,,"""Bhishma said, 'If one does acts oneself that are good or causes other"
13.151,13.165,Anusasanika Parva,0.55,,"""Vaisampayana said, 'That perpetuator of Kuru's race, viz., Yudhishthi"
13.152,13.166,Anusasanika Parva,0.32,,"""Janamejaya said, 'When that foremost person among the Kauravas, viz.,"
13.153,13.167,Anusasanika Parva,0.38,,"""Vaisampayana said, 'Then the royal son of Kunti, having duly honoured"
13.154,13.168,Anusasanika Parva,0.44,,"""Vaisampayana said, 'Having said so unto all the Kurus, Bhishma, the s"
14.1,14.1,Aswamedhika Parva,0.55,,"OM! HAVING BOWED down unto Narayana, and Nara the foremost of male bei"
14.2,14.2,Aswamedhika Parva,0.33,,"""Vaisampayana said, ""Thus addressed by the intelligent king Dhritarash"
14.3,14.3,Aswamedhika Parva,0.32,,"""Vyasa said, 'O Yudhishthira, thy wisdom, I conceive, is not adequate."
14.4,14.4,Aswamedhika Parva,0.48,,"""Yudhishthira said, 'O righteous one, I am desirous of hearing the his"
14.5,14.5,Aswamedhika Parva,0.38,,"""Yudhishthira said, 'O best of speakers, how that king became so power"
14.6,14.6,Aswamedhika Parva,0.41,,"""Vyasa said, 'The ancient legend of Vrihaspati and the wise Marutta is"
14.7,14.7,Aswamedhika Parva,0.24,,"""Samvarta said, 'How hast thou come to know me, and who has referred t"
14.8,14.8,Aswamedhika Parva,0.59,,"""Samvarta said, ""There is a peak named Munjaban on the summits of the "
14.9,14.9,Aswamedhika Parva,0.39,,"""Indra said, ""Dost thou, O Vrihaspati, sleep in peace, and are thy ser"
14.10,14.5,Aswamedhika Parva,0.40,,"""Indra said, ""Even so it is; the might of Brahmanas is great and there"
14.11,14.11,Aswamedhika Parva,0.47,,"Vaisampayana said, ""When Vyasa of wonderful achievements had concluded"
14.12,14.12,Aswamedhika Parva,0.36,,"""Vasudeva said, ""There are two kinds of ailments, physical and mental."
14.13,14.13,Aswamedhika Parva,0.15,,"""Vasudeva said, ""O scion of Bharata's race, salvation is not attained "
14.14,14.14,Aswamedhika Parva,0.22,,"""Vaisampayana said, ""With such speeches as these, was the royal saint "
14.15,14.15,Aswamedhika Parva,0.30,,"Janamejaya said, 'O the best of regenerate beings, when the Pandavas h"
14.16,14.16,Anugita Parva,0.37,,"""Janamejaya said, ""When the high-souled Kesava and Arjuna after slayin"
14.17,14.17,Anugita Parva,0.23,,"""Vasudeva said, touching the feet of that sage, the Brahmana asked him"
14.18,14.18,Anugita Parva,0.17,,"""--The Brahmana said, 'The acts, good and bad, that a Jiva does are no"
14.19,14.19,Anugita Parva,0.25,,"""--The Brahmana said, 'He who becomes absorbed in the one receptacle ("
14.20,14.20,Anugita Parva,0.32,,"""Vasudeva said, 'In this connection is cited the ancient narrative, O "
14.21,14.21,Anugita Parva,0.17,,"""The Brahmana said, 'In this connection is cited the following ancient"
14.22,14.22,Anugita Parva,0.01,,"""The Brahmana said, 'In this connection is cited the ancient story, O "
14.23,14.23,Anugita Parva,0.76,,"""The Brahmana said, 'In this connection, O blessed lady, is cited the "
14.24,14.24,Anugita Parva,0.35,,"""The Brahmana said, 'In this connection is cited the ancient story of "
14.25,14.25,Anugita Parva,0.32,,"""The Brahmana said, 'In this connection is recited the ancient story o"
14.26,14.26,Anugita Parva,0.15,,"""The Brahmana said, 'There is one Ruler. There is no second beside him"
14.27,14.27,Anugita Parva,0.06,,"""The Brahmana said, 'Having crossed that impassable fastness (the worl"
14.28,14.28,Anugita Parva,0.36,,"""The Brahmana said, 'I do not smell scents. I do not perceive tastes. "
14.29,14.29,Anugita Parva,0.41,,"""The Brahmana said, 'In this connection is cited the ancient story, O "
14.30,14.30,Anugita Parva,0.49,,"""The Pitris said, 'In this connection is cited this old history. Havin"
14.31,14.31,Anugita Parva,0.00,,"""The Brahmana said, 'There are three foes in the world. They are said "
14.32,14.32,Anugita Parva,0.45,,"""The Brahmana said, 'In this connection is cited the old narrative, O "
14.33,14.33,Anugita Parva,0.02,,"""The Brahmana said, 'I do not, O timid one, move in this world in that"
14.34,14.34,Anugita Parva,0.48,,"""The Brahmana's wife said, 'This is incapable of being understood by a"
14.35,14.35,Anugita Parva,0.18,,"""Arjuna said, 'It behoveth thee to expound Brahma to me,--that which i"
14.36,14.36,Anugita Parva,0.05,,"""Brahma said, 'That which is unmanifest, which is indistinct, all-perv"
14.37,14.37,Anugita Parva,0.20,,"""Brahman said, 'Ye best of beings, I shall now declare to you accurate"
14.38,14.38,Anugita Parva,0.03,,"""Brahmana said, 'I shall, after this discourse to you on that excellen"
14.39,14.39,Anugita Parva,0.03,,"""Brahmana said, 'The qualities are incapable of being declared as comp"
14.40,14.40,Anugita Parva,0.14,,"""Brahmana said, 'From the unmanifest first sprang Mahat (the Great Sou"
14.41,14.41,Anugita Parva,0.05,,"""Brahmana said, 'That Mahat who was first produced is called Egoism. W"
14.42,14.42,Anugita Parva,0.22,,"'Brahmana said, From Egoism were verily born the five great elements. "
14.43,14.43,Anugita Parva,0.37,,"""Brahmana said, 'Among men, the royal Kshatriya is (endued with) the m"
14.44,14.44,Anugita Parva,0.24,,"""Brahmana said, 'I shall now tell you truly about all that which has a"
14.45,14.45,Anugita Parva,0.03,,"""Brahmana said, 'The wheel of life moves on. It has the understanding "
14.46,14.46,Anugita Parva,0.04,,"""Brahmana said, 'Duly studying thus to the best of his power, in the w"
14.47,14.47,Anugita Parva,0.13,,"""Brahmana said. 'The ancients who were utterers of certain truth, say "
14.48,14.48;14.49,Anugita Parva,0.13,,"""Brahmana said, 'Some regard Brahman as a tree. Some regard Brahman as"
14.49,14.50,Anugita Parva,0.11,,"""Brahmana said, 'Well then, I shall declare to you what you ask. Learn"
14.50,14.51,Anugita Parva,0.20,,"""Brahmana said, 'Since the mind is the ruler of these five elements, i"
14.51,14.52,Anugita Parva,0.47,,"""Vaisampayana said, 'After this, Krishna ordered Daruka, saying--Let m"
14.52,14.53,Anugita Parva,0.27,,"""Vaisampayana said, 'As he of Vrishni's race was proceeding to Dwaraka"
14.53,14.54,Anugita Parva,0.37,,"""Utanka said, 'Do thou, O Kesava, tell me that faultless Adhyatma. Hav"
14.54,14.55,Anugita Parva,0.24,,"""Utanka said, 'I know thee, O Janarddana, to be the creator of the uni"
14.55,14.56,Anugita Parva,0.29,,"""Janamejaya said, 'With what penances was the high-souled Utanka endue"
14.56,14.57,Anugita Parva,0.23,,"""Vaisampayana said, ""Beholding the king, who had become so, of frightf"
14.57,14.58,Anugita Parva,0.39,,"""Vaisampayana said, 'Utanka, coming back to king Saudasa who was alway"
14.58,14.59,Anugita Parva,0.52,,"""Janamejaya said, 'After having conferred that boon on Utanka, O forem"
14.59,14.60,Anugita Parva,0.45,,"""Vasudeva said, 'O thou of Vrishni's race, I have repeatedly heard men"
14.60,14.61,Anugita Parva,0.36,,"""Vaisampayana said, 'After the high-souled Vasudeva of great prowess h"
14.61,14.62,Anugita Parva,0.37,,"""Vaisampayana said, 'Having heard these words of his son Vasudeva, tha"
14.62,14.63,Anugita Parva,0.38,,"""Janamejaya said, 'Having heard these words, O regenerate one, that we"
14.63,14.64,Anugita Parva,0.16,,"""Vaisampayana said, 'They then set out, with cheerful hearts, and acco"
14.64,14.65,Anugita Parva,0.38,,"""'The Brahmanas said, 'Let offerings be made unto the high-souled Maha"
14.65,14.66,Anugita Parva,0.45,,"""Vaisampayana said, 'Meanwhile, Vasudeva of great energy accompanied b"
14.66,14.67,Anugita Parva,0.41,,"""Vaisampayana said, 'After Kunti had sat up, Subhadra, beholding her b"
14.67,14.68,Anugita Parva,0.28,,"""Vaisampayana said, 'Thus addressed, O king, (by his sister and others"
14.68,14.69,Anugita Parva,0.38,,"""Vaisampayana said, 'The helpless Uttara, desirous of getting back her"
14.69,14.70,Anugita Parva,0.36,,"""Vaisampayana said, 'When the Brahma-weapon was withdrawn by Krishna, "
14.70,14.71,Anugita Parva,0.38,,"Vaisampayana, said, 'Hearing that the Pandavas were near, that crusher"
14.71,14.72,Anugita Parva,0.42,,"""Vaisampayana said, 'Thus addressed by Krishna, Yudhishthira, the son "
14.72,14.73,Anugita Parva,0.26,,"""Vaisampayana said, 'When the hour for initiation came, all those grea"
14.73,14.74,Anugita Parva,0.54,,"""Vaisampayana said. 'A battle took place between the diadem-decked (Ar"
14.74,14.75,Anugita Parva,0.50,,"""Vaisampayana said, 'That foremost of steeds then proceeded to the rea"
14.75,14.76,Anugita Parva,0.52,,"""Vaisampayana said, 'Thus waged that battle, O chief of the Bharatas, "
14.76,14.77,Anugita Parva,0.32,,"""Vaisampayana said, 'There occurred a great battle between the diadem-"
14.77,14.78,Anugita Parva,0.54,,"""Vaisampayana said, 'The irresistible wielder of Gandiva, addresst for"
14.78,14.79,Anugita Parva,0.30,,"""Vaisampayana said, 'The ruler of Manipura, Vabhruvahana, hearing that"
14.79,14.79,Anugita Parva,0.18,merged,"""Vaisampayana said, 'The ruler of Manipura, Vabhruvahana, hearing that"
14.80,14.79,Anugita Parva,0.10,merged,"""Vaisampayana said, 'The ruler of Manipura, Vabhruvahana, hearing that"
14.81,14.80,Anugita Parva,0.30,,"""Vaisampayana said, 'That lady of eyes like lotus petals, having indul"
14.82,14.81,Anugita Parva,0.34,,"""Arjuna said, 'What business brought thee here, O daughter (-in-law) o"
14.83,14.82,Anugita Parva,0.42,,"""Vaisampayana said, 'The (sacrificial) steed, having wandered over the"
14.84,14.83,Anugita Parva,0.64,,"""Vaisampayana said, 'Worshipped by the ruler of Magadha, Pandu's son h"
14.85,14.84,Anugita Parva,0.45,,"""Vaisampayana said, 'The heroic son of Sakuni, who was a mighty car-wa"
14.86,14.85,Anugita Parva,0.41,,"""Vaisampayana said, 'Having said these words, Partha set out, followin"
14.87,14.85,Anugita Parva,0.02,merged,"""Vaisampayana said, 'Having said these words, Partha set out, followin"
14.88,14.86,Anugita Parva,0.38,,"""Vaisampayana said, 'Beholding those kings--lords of Earth--all conver"
14.89,14.87,Anugita Parva,0.53,,"""Yudhishthira said, 'I have heard, O Krishna, thy agreeable words. The"
14.90,14.88,Anugita Parva,0.42,,"""Vaisampayana said, 'Entering the palace of the Pandavas the mighty-ar"
14.91,14.89,Anugita Parva,0.19,,"""Vaisampayana said, 'Having cooked, according to due rites, the other "
14.92,14.90,Anugita Parva,0.18,,"""Janamejaya said, 'It behoveth thee to tell me of any wonderful incide"
14.93,14.90,Anugita Parva,0.12,merged,"""Janamejaya said, 'It behoveth thee to tell me of any wonderful incide"
14.94,14.91,Anugita Parva,0.29,,"""Janamejaya said, 'O puissant Rishi, kings are attached to sacrifices."
14.95,14.92,Anugita Parva,0.37,,"""Janamejaya said, 'If, O illustrious one, Heaven is the fruit of wealt"
14.96,14.92,Anugita Parva,0.16,merged,"""Janamejaya said, 'If, O illustrious one, Heaven is the fruit of wealt"
15.1,15.1,Asramavasa Parva,0.26,,"OM! AFTER HAVING bowed down to Narayana, and Nara, the foremost of men"
15.2,15.1,Asramavasa Parva,0.03,merged,"OM! AFTER HAVING bowed down to Narayana, and Nara, the foremost of men"
15.3,15.2,Asramavasa Parva,0.14,,"""Vaisampayana said, 'Thus worshipped by the Pandavas, the royal soil o"
15.4,15.3,Asramavasa Parva,0.19,,"""Vaisampayana said, 'The people who lived in the Kuru kingdom failed t"
15.5,15.3,Asramavasa Parva,0.14,merged,"""Vaisampayana said, 'The people who lived in the Kuru kingdom failed t"
15.6,15.3,Asramavasa Parva,0.13,merged,"""Vaisampayana said, 'The people who lived in the Kuru kingdom failed t"
15.7,15.3,Asramavasa Parva,0.05,merged,"""Vaisampayana said, 'The people who lived in the Kuru kingdom failed t"
15.8,15.4,Asramavasa Parva,0.18,,"""Vyasa said, 'O mighty-armed Yudhishthira, do without any scruple what"
15.9,15.5,Asramavasa Parva,0.21,,"""Vaisampayana said, 'Having received the king's permission, king Dhrit"
15.10,15.5,Asramavasa Parva,0.00,merged,"""Vaisampayana said, 'Having received the king's permission, king Dhrit"
15.11,15.6,Asramavasa Parva,0.34,,"""Dhritarashtra said, Thou shouldst always ascertain the Mandalas that "
15.12,15.7,Asramavasa Parva,0.25,,"""Dhritarashtra said, 'O best of kings, thou shouldst also reflect prop"
15.13,15.8,Asramavasa Parva,0.34,,"""Yudhishthira said, 'O lord of Earth, I shall do as thou biddest me. O"
15.14,15.9,Asramavasa Parva,0.04,,"""Dhritarashtra said, 'Santanu duly ruled this Earth. Similarly, Vichit"
15.15,15.10,Asramavasa Parva,0.16,,"""Vaisampayana said, 'Thus addressed, O thou of Kuru's race, by the old"
15.16,15.10,Asramavasa Parva,0.10,merged,"""Vaisampayana said, 'Thus addressed, O thou of Kuru's race, by the old"
15.17,15.11,Asramavasa Parva,0.33,,"""Vaisampayana said, 'After that night had passed away, Dhritarashtra, "
15.18,15.12,Asramavasa Parva,0.48,,"""Arjuna said, 'O Bhima, thou art my elder brother and, therefore, my s"
15.19,15.13,Asramavasa Parva,0.30,,"""Vaisampayana said, 'Thus addressed by king Yudhishthira, Vidura, that"
15.20,15.14,Asramavasa Parva,0.35,,"""Vaisampayana said,--'Thus addressed by Vidura, king Dhritarashtra bec"
15.21,15.15,Asramavasa Parva,0.25,,"""Vaisampayana said,--'The royal son of Amvika, viz., Dhritarashtra, ha"
15.22,15.16,Asramavasa Parva,0.36,,"""Vaisampayana said, 'Great was the uproar, at that time, O king, of bo"
15.23,15.17,Asramavasa Parva,0.17,,"""Kunti said, 'It is even so, O mighty-armed son of Pandu, as thou saye"
15.24,15.18,Asramavasa Parva,0.30,,"""Vaisampayana said, 'Hearing these words of Kunti, the sinless Pandava"
15.25,15.19,Asramavasa Parva,0.34,,"""Vaisampayana said. 'Following the advice of Vidura, the king took up "
15.26,15.19,Asramavasa Parva,0.12,merged,"""Vaisampayana said. 'Following the advice of Vidura, the king took up "
15.27,15.20,Asramavasa Parva,0.34,,"""Vaisampayana said, 'Those foremost of ascetics, viz. Narada and Parva"
15.28,15.21,Asramavasa Parva,0.31,,""" Vaisampayana said, 'Upon the retirement of the chief of the Kurus in"
15.29,15.22,Asramavasa Parva,0.20,,"""Vaisampayana said, 'Those foremost of men, the heroic Pandavas,--thos"
15.30,15.23,Asramavasa Parva,0.24,,"""Vaisampayana said. 'That foremost one of Bharata's race, then ordered"
15.31,15.24,Asramavasa Parva,0.40,,"""Vaisampayana said, 'The Pandavas alighted, at a distance, from their "
15.32,15.25,Asramavasa Parva,0.35,,"""Vaisampayana said, 'The king, O chief of Bharata's race, with those f"
15.33,15.26,Asramavasa Parva,0.28,,"""Dhritarashtra said. 'O Yudhishthira, art thou in peace and happiness,"
15.34,15.27,Asramavasa Parva,0.32,,"""Vaisampayana said, 'They passed that night which was characterised by"
15.35,15.28,Asramavasa Parva,0.16,,"""Vaisampayana said, 'After the high-souled Pandavas had all been seate"
15.36,15.29,Putradarsana Parva,0.27,,"""Janamejaya said, 'Tell me. O learned Brahmana, what that wonderful fe"
15.37,15.29,Putradarsana Parva,0.26,merged,"""Janamejaya said, 'Tell me. O learned Brahmana, what that wonderful fe"
15.38,15.29,Putradarsana Parva,0.02,merged,"""Janamejaya said, 'Tell me. O learned Brahmana, what that wonderful fe"
15.39,15.30,Putradarsana Parva,0.39,,"""Kunti said, 'O holy one, thou art my father-in-law and therefore, my "
15.40,15.32,Putradarsana Parva,0.42,,"""Vaisampayana said, 'When night came, all those persons, having finish"
15.41,15.33,Putradarsana Parva,0.20,,"""Vaisampayana said. 'Then those foremost of men divested of wrath and "
15.42,15.34,Putradarsana Parva,0.19,,"""Sauti said, 'Hearing this story of the re-appearance and departure of"
15.43,15.35,Putradarsana Parva,0.52,,"""Vaisampayana said, 'King Dhritarashtra had never beheld his own sons."
15.44,15.36,Putradarsana Parva,0.27,,"""Janamejaya said, 'Having seen his sons and grandsons with all their f"
15.45,15.37,Naradagamana Parva,0.36,,"""Vaisampayana said, 'After two years had elapsed from the date of the "
15.46,15.38,Naradagamana Parva,0.18,,"""Yudhishthira said, 'When such a fate overtook that high-souled monarc"
15.47,15.39,Naradagamana Parva,0.29,,"""Narada said, 'The king has not been burnt to death by an unsanctified"
16.1,16.1,,0.06,merged,"Om! Having bowed down unto Narayana, and to Nara, the foremost of men,"
16.2,16.1,,0.21,,"Om! Having bowed down unto Narayana, and to Nara, the foremost of men,"
16.3,16.2,,0.32,,"Vaishampayana said: ""While the Vrishnis and the Andhakas were thus end"
16.4,16.3,,0.34,,"Vaishampayana said: ""At that time the Vrishni ladies dreamed every nig"
16.5,16.4,,0.41,,"Vaishampayana said: ""Then Daruka and Keshava and Vabhru left that spot"
16.6,16.5,,0.34,,"Vaishampayana said: ""Meanwhile Daruka, going to the Kurus and seeing t"
16.7,16.6,,0.26,,"Vaishampayana said: ""The Kuru prince beheld the heroic and high-souled"
16.8,16.7,,0.30,,"Vaishampayana said: ""That scorcher of foes, Vibhatsu, thus addressed b"
16.9,16.8,,0.22,,"Vaishampayana said: ""As Arjuna entered the asylum of the truthful Rish"
17.1,17.1,,0.29,,"Om! Having bowed down unto Narayana, and to Nara, the foremost of men,"
17.2,17.2,,0.20,,"Vaishampayana said: ""Those princes of restrained souls and devoted to "
17.3,17.3,,0.15,,"Vaishampayana said: ""Then Shakra, causing the firmament and the Earth "
18.1,18.1,,0.26,,"Om! Having bowed down into Narayana, and to Nara, the foremost of men,"
18.2,18.2,,0.13,,"""Yudhishthira said, Ye deities, I do not see here Radhas son of immeas"
18.3,18.3,,0.21,,"Vaishampayana said, ""King Yudhishthira the just, the son of Pritha, ha"
18.4,18.4,,0.24,,"Vaishampayana said, ""King Yudhishthira, thus praised by the gods, the "
18.5,18.5;18.6,,0.36,,"Janamejaya said, ""Bhishma and Drona, those two high-souled persons, ki"
